"contractId","contractAddress","creator","global_funder","global_funding","global_owner","global_period","week","bonus_rate","bonus_amount","global_initial","global_total","initial","total"
454251,"EBTACYLGCN5K7YG6J2SWOUFPKDWXO7D6UKOG6P33XFAFUSBTQZXWB6YEFA","U3JFLNF55P4X2GTISLPD2DEBEXHJCG6EK7FX4EPCP4WBFRHEX3KUEMLYKE","62TIVJSZOS4DRSSYYDDZELQAGFYQC5JWKCHRBPPYKTZN2OOOXTGLB5ZJ4E",1730073600,"AFEHNOBZB4UJYAOKPPMPIVA7WBSTQT535TIFH3SPJ6LPJL2BWFD5ZKKMWU",1,5,0,0,1000000000,1000000000,1000,1000
450282,"M5A6JVYCVWAAWWTDQLICCQNUJNS26P2UQETLDVG6RUFM5SMX6HW3WV3O34","U3JFLNF55P4X2GTISLPD2DEBEXHJCG6EK7FX4EPCP4WBFRHEX3KUEMLYKE","62TIVJSZOS4DRSSYYDDZELQAGFYQC5JWKCHRBPPYKTZN2OOOXTGLB5ZJ4E",1730073600,"3S5QBFCYMWWVIKKRJZYTVS3UOQ2UWHRBH4TXG3VZA7VQMKN66D2DYJY3MQ",18,4,0.4,2896885813,7242214533,10139100346,7242.214533,10139.100346
447013,"SSVHZEJWIR2HZEJYIA6C2EAZKBYPNLZ3ZQNVDAJLS4K4FUUSEFYTWTAFFQ","U3JFLNF55P4X2GTISLPD2DEBEXHJCG6EK7FX4EPCP4WBFRHEX3KUEMLYKE","62TIVJSZOS4DRSSYYDDZELQAGFYQC5JWKCHRBPPYKTZN2OOOXTGLB5ZJ4E",1730073600,"3S5QBFCYMWWVIKKRJZYTVS3UOQ2UWHRBH4TXG3VZA7VQMKN66D2DYJY3MQ",18,4,0.4,579377,1448443,2027820,1.448443,2.02782
429288,"JJNIAUZDUFM4SJFTAE7YPJ7RQVKWVMXWEBORAYAMAUN3YLYRF7L7GN3YUI","U3JFLNF55P4X2GTISLPD2DEBEXHJCG6EK7FX4EPCP4WBFRHEX3KUEMLYKE","62TIVJSZOS4DRSSYYDDZELQAGFYQC5JWKCHRBPPYKTZN2OOOXTGLB5ZJ4E",1730073600,"HK5CDOPQVSZE7BBKYMWYAOQZY5PN3X4GRNXU4GWVSKZ2JWT3PIHWVE574Y",18,3,0.6,556495,927492,1483987,0.927492,1.483987
429162,"EBUQSAU6GARQORVAODDZCG3I56GQICOHG6MEY5BJSTHJJ5S5GPZ562TYRM","U3JFLNF55P4X2GTISLPD2DEBEXHJCG6EK7FX4EPCP4WBFRHEX3KUEMLYKE","62TIVJSZOS4DRSSYYDDZELQAGFYQC5JWKCHRBPPYKTZN2OOOXTGLB5ZJ4E",1730073600,"3S5QBFCYMWWVIKKRJZYTVS3UOQ2UWHRBH4TXG3VZA7VQMKN66D2DYJY3MQ",18,3,0.6,13448221453,22413702422,35861923875,22413.702422,35861.923875
428934,"XKTKTIKSPKYPNEVFJ6UCPDK23NHGOU5VGQPKNYWT5QDKHI74VBDZE6LTDQ","U3JFLNF55P4X2GTISLPD2DEBEXHJCG6EK7FX4EPCP4WBFRHEX3KUEMLYKE","62TIVJSZOS4DRSSYYDDZELQAGFYQC5JWKCHRBPPYKTZN2OOOXTGLB5ZJ4E",1730073600,"NFZYPGTKBAA2WNR2N4G7HUUA5R3BEXBRLUAPH35FS2ZBMAMEXNKXGFSQNQ",18,3,0.6,531907266436,886512110727,1418419377163,886512.110727,1418419.377163
427736,"25EXJ4ZF7ARA6UZSUNSFN3OIGEY57I7MTOQVGMTXYRAXFBQODASHZHHYIM","U3JFLNF55P4X2GTISLPD2DEBEXHJCG6EK7FX4EPCP4WBFRHEX3KUEMLYKE","62TIVJSZOS4DRSSYYDDZELQAGFYQC5JWKCHRBPPYKTZN2OOOXTGLB5ZJ4E",1730073600,"OVDREAWPFXYWMJLDRWI3LHCIIEDTZI7G7LK3AFLZXSBUSC2BPK3QGU7WII",18,3,0.6,2664053,4440088,7104141,4.440088,7.104141
427063,"2HHCKK7RPQA65HXR74QSP4UJEJH6XWQOR7W6F4IA5WIIGAYPIGHABWZMYA","U3JFLNF55P4X2GTISLPD2DEBEXHJCG6EK7FX4EPCP4WBFRHEX3KUEMLYKE","62TIVJSZOS4DRSSYYDDZELQAGFYQC5JWKCHRBPPYKTZN2OOOXTGLB5ZJ4E",1730073600,"SI7F2AZF2747JPYBFAOC5ZIZRZOTEMMYJ65ITDOT535BWRRSIQV3SCHZ54",18,3,0.6,19400564844,32334274740,51734839584,32334.27474,51734.839584
424171,"MESUVWR4TRXMLBGSZBNAEW7EJDPY5CV5PRFBI6KWYTW5PR7MQJKCEDJAKY","U3JFLNF55P4X2GTISLPD2DEBEXHJCG6EK7FX4EPCP4WBFRHEX3KUEMLYKE","62TIVJSZOS4DRSSYYDDZELQAGFYQC5JWKCHRBPPYKTZN2OOOXTGLB5ZJ4E",1730073600,"UPHSXCIIPEAQTZV5KSVG4AEHX3WWJEPGSBWTI2RDNJ3JBUCF5PIGOEXZDU",18,3,0.6,1003598,1672664,2676262,1.672664,2.676262
423060,"M76YHMI5CMURAQWZU7FF2NVTZSDHSSLTSMHW5SHQNKGI4ETDL2D55C2OM4","U3JFLNF55P4X2GTISLPD2DEBEXHJCG6EK7FX4EPCP4WBFRHEX3KUEMLYKE","62TIVJSZOS4DRSSYYDDZELQAGFYQC5JWKCHRBPPYKTZN2OOOXTGLB5ZJ4E",1730073600,"3S5QBFCYMWWVIKKRJZYTVS3UOQ2UWHRBH4TXG3VZA7VQMKN66D2DYJY3MQ",18,3,0.6,1003598,1672664,2676262,1.672664,2.676262
422812,"BY5XLX3C7V4I3GLF4EU2JUQKV4ECH7Q7EVO4C5FC2SDGQXHCZKAUHQO4ZA","U3JFLNF55P4X2GTISLPD2DEBEXHJCG6EK7FX4EPCP4WBFRHEX3KUEMLYKE","62TIVJSZOS4DRSSYYDDZELQAGFYQC5JWKCHRBPPYKTZN2OOOXTGLB5ZJ4E",1730073600,"3S5QBFCYMWWVIKKRJZYTVS3UOQ2UWHRBH4TXG3VZA7VQMKN66D2DYJY3MQ",18,3,0.6,1003598,1672664,2676262,1.672664,2.676262
422805,"VQ6KA4CJKAQ6YFHWN4NX3NEMDJVMYBOEDGTCLPDW4OQXFQBOUAAQA5QHP4","U3JFLNF55P4X2GTISLPD2DEBEXHJCG6EK7FX4EPCP4WBFRHEX3KUEMLYKE","62TIVJSZOS4DRSSYYDDZELQAGFYQC5JWKCHRBPPYKTZN2OOOXTGLB5ZJ4E",1730073600,"3S5QBFCYMWWVIKKRJZYTVS3UOQ2UWHRBH4TXG3VZA7VQMKN66D2DYJY3MQ",18,3,0.6,1003598,1672664,2676262,1.672664,2.676262
422699,"GCQAKHZUQCX7Y46UAHQE7T3R4PK6ZNOF7CMAZPO6B6KHVCKUD2HVC7PYOA","U3JFLNF55P4X2GTISLPD2DEBEXHJCG6EK7FX4EPCP4WBFRHEX3KUEMLYKE","62TIVJSZOS4DRSSYYDDZELQAGFYQC5JWKCHRBPPYKTZN2OOOXTGLB5ZJ4E",1730073600,"3S5QBFCYMWWVIKKRJZYTVS3UOQ2UWHRBH4TXG3VZA7VQMKN66D2DYJY3MQ",18,3,0.6,10035986,16726644,26762630,16.726644,26.76263
422628,"ZZ5L44EMOZW27WVGVE5RW7YDKTFMT7F7TZTBAUNTSXBACJZXF4MMWFPG44","U3JFLNF55P4X2GTISLPD2DEBEXHJCG6EK7FX4EPCP4WBFRHEX3KUEMLYKE","62TIVJSZOS4DRSSYYDDZELQAGFYQC5JWKCHRBPPYKTZN2OOOXTGLB5ZJ4E",1730073600,"WOFJSEQCSH6D2GGTU7AM73TAZHDUUQHA4DF3BMBXEVXOTCUPI3XC4N6UL4",18,3,0.6,32115155710,53525259516,85640415226,53525.259516,85640.415226
422200,"P7OKR4YDFAH2N3Y2DRYXLZ7VDSCOIFGXKQO6PEW4Y5266RJOKVPWRXKCZY","U3JFLNF55P4X2GTISLPD2DEBEXHJCG6EK7FX4EPCP4WBFRHEX3KUEMLYKE","62TIVJSZOS4DRSSYYDDZELQAGFYQC5JWKCHRBPPYKTZN2OOOXTGLB5ZJ4E",1730073600,"JRXEGJ5RSBPD4DIMAL74AGOAKWP3JEDGZRGJWBJYFMFW6W34X3DWB7ELKM",18,3,0.6,26347087576,43911812627,70258900203,43911.812627,70258.900203
422185,"ISE4QRK6NTZOTUQYHV2KFMI7KOMVSBUY4AWIYITC6V2JWF35L65KLSC67Q","U3JFLNF55P4X2GTISLPD2DEBEXHJCG6EK7FX4EPCP4WBFRHEX3KUEMLYKE","62TIVJSZOS4DRSSYYDDZELQAGFYQC5JWKCHRBPPYKTZN2OOOXTGLB5ZJ4E",1730073600,"EW7OF4X4RJ5AYALEOV2MBDQ2FI3RVTRWCRAV7HHSOSTWEGATPUEB3G4XHY",3,3,0.007499999999999999,7946589,1059545194,1067491783,1059.545194,1067.491783
422131,"PU7ZLE5BG7CIO3DJCSS27YO5BVRASKWUGINQBGCPHUFHAQXBGEMMVADFEU","U3JFLNF55P4X2GTISLPD2DEBEXHJCG6EK7FX4EPCP4WBFRHEX3KUEMLYKE","62TIVJSZOS4DRSSYYDDZELQAGFYQC5JWKCHRBPPYKTZN2OOOXTGLB5ZJ4E",1730073600,"JRXEGJ5RSBPD4DIMAL74AGOAKWP3JEDGZRGJWBJYFMFW6W34X3DWB7ELKM",18,3,0.6,199473327920,332455546534,531928874454,332455.546534,531928.874454
422088,"TTBCW2GZUNLSK23J2WYPLAV6CZ5TPVAAQTSIHZ6DHGZXECXZYKVDDZSYFM","U3JFLNF55P4X2GTISLPD2DEBEXHJCG6EK7FX4EPCP4WBFRHEX3KUEMLYKE","62TIVJSZOS4DRSSYYDDZELQAGFYQC5JWKCHRBPPYKTZN2OOOXTGLB5ZJ4E",1730073600,"RLXIMVTOYVG4KBXEDJOF4L5V2OPLVAQIIPUGBCUJZSVUVLSD7NWJY6EXVY",1,3,0.0008333333333333334,333645,400373702,400707347,400.373702,400.707347
421840,"RT72SYRHVZVBRGVVHJ5QJ2BLNH32BUFJEJ7HKHZAA7ULNK5G5GPEG7RSJM","U3JFLNF55P4X2GTISLPD2DEBEXHJCG6EK7FX4EPCP4WBFRHEX3KUEMLYKE","62TIVJSZOS4DRSSYYDDZELQAGFYQC5JWKCHRBPPYKTZN2OOOXTGLB5ZJ4E",1730073600,"6DHX5XZZNN2XX5B734DDOH5LNHQGLWTL4UCFRNBPEBMLKAVHKNA6G6JTWE",18,3,0.6,35379862007,58966436678,94346298685,58966.436678,94346.298685
421766,"RNKC72UKE535HMN2XIBDI2RURW6KRX3BG5CCXEKCABVQM5WFVTCQ5DZCIQ","U3JFLNF55P4X2GTISLPD2DEBEXHJCG6EK7FX4EPCP4WBFRHEX3KUEMLYKE","62TIVJSZOS4DRSSYYDDZELQAGFYQC5JWKCHRBPPYKTZN2OOOXTGLB5ZJ4E",1730073600,"KSMGUNSX2IWGPZUHU5GPLLD7762T3KUKTPQZXCKNTVMSNZNKQ6RA37AYPI",18,3,0.6,683426731147,1139044551911,1822471283058,1139044.551911,1822471.283058
420940,"KOABR7U3D5XSN6JWS4K55K6IT5PA6BMWCCJHMSQXGCG722U2QISJU4RIBY","U3JFLNF55P4X2GTISLPD2DEBEXHJCG6EK7FX4EPCP4WBFRHEX3KUEMLYKE","62TIVJSZOS4DRSSYYDDZELQAGFYQC5JWKCHRBPPYKTZN2OOOXTGLB5ZJ4E",1730073600,"5VBYZUR3P5GS6XKCCS6B6OFEK7NNM33HOKSN2RHXDWXEVKCPCMQM3SV3QI",18,3,0.6,1003598,1672664,2676262,1.672664,2.676262
420754,"3DSHR22QFUPNYWMWCX2LXSOFTL5MK7BKYSNCEGITMQB73ZWJLRDNK34NXY","U3JFLNF55P4X2GTISLPD2DEBEXHJCG6EK7FX4EPCP4WBFRHEX3KUEMLYKE","62TIVJSZOS4DRSSYYDDZELQAGFYQC5JWKCHRBPPYKTZN2OOOXTGLB5ZJ4E",1730073600,"VOIDVXL3GW3MYYXJ5DY3PTTVWSAZD4VFSIQCL6DXOBUFSPHGC4RCKCLD5E",18,2,0.8,682878893,853598616,1536477509,853.598616,1536.477509
420650,"EUSKXVC6SAZ5226QJCJDNYYCUJY4NCU2FM4MXEORTZCDIWNXKEYZ3LHXFA","U3JFLNF55P4X2GTISLPD2DEBEXHJCG6EK7FX4EPCP4WBFRHEX3KUEMLYKE","62TIVJSZOS4DRSSYYDDZELQAGFYQC5JWKCHRBPPYKTZN2OOOXTGLB5ZJ4E",1730073600,"NFZYPGTKBAA2WNR2N4G7HUUA5R3BEXBRLUAPH35FS2ZBMAMEXNKXGFSQNQ",18,2,0.8,956789204152,1195986505190,2152775709342,1195986.50519,2152775.709342
420556,"X6MD3TV2HXINVFH3KYGB3XYXCRPKP5XVTMNJKQXC3BBC7GLEIIWFMUAPVU","U3JFLNF55P4X2GTISLPD2DEBEXHJCG6EK7FX4EPCP4WBFRHEX3KUEMLYKE","62TIVJSZOS4DRSSYYDDZELQAGFYQC5JWKCHRBPPYKTZN2OOOXTGLB5ZJ4E",1730073600,"2LJ2Z3VOP2Q466EC3H2HFZA3GS3WXYT5OSOGKAAU3JPCMCJHKYHEQGQUMQ",18,2,0.8,839941,1049926,1889867,1.049926,1.889867
420494,"EQ6UNJOA7VPH6JBKRB335MZ3FSNI3D37VMQM7FP4GPLPYC2I5SS6VT5SLY","U3JFLNF55P4X2GTISLPD2DEBEXHJCG6EK7FX4EPCP4WBFRHEX3KUEMLYKE","62TIVJSZOS4DRSSYYDDZELQAGFYQC5JWKCHRBPPYKTZN2OOOXTGLB5ZJ4E",1730073600,"T4MLMVVRB3CAVD3I4GN53WDP2MRUB5F6B7NWC7A4DJQW54RR7UHVZOTKSY",18,2,0.8,42490242214,53112802768,95603044982,53112.802768,95603.044982
420478,"DJJK6EM4D523S4MWKH6A53YMQNRWHMMZ6LFIUKCUDZB3E4LR6AU77OX3K4","U3JFLNF55P4X2GTISLPD2DEBEXHJCG6EK7FX4EPCP4WBFRHEX3KUEMLYKE","62TIVJSZOS4DRSSYYDDZELQAGFYQC5JWKCHRBPPYKTZN2OOOXTGLB5ZJ4E",1730073600,"QS2HU3VDOZYJUQVWAAQF2MICRZ4QPRI6IG3AQYP2IHMPHR2LGOJBQIZSEI",1,2,0.0011111111111111111,4615743,4154168304,4158784047,4154.168304,4158.784047
420455,"JIMP4DWJRHN7NO3TOLWQ2K5E7EI7DIHUKRWHVNGIC72WKKTW7OJHOD3JMM","U3JFLNF55P4X2GTISLPD2DEBEXHJCG6EK7FX4EPCP4WBFRHEX3KUEMLYKE","62TIVJSZOS4DRSSYYDDZELQAGFYQC5JWKCHRBPPYKTZN2OOOXTGLB5ZJ4E",1730073600,"ZKR3SXU5F2GHQ4FS7MVIRONEIOL2V432LP756O4R6HRW3H7XU3SKYDW3PQ",13,2,0.41728395061728396,12249955145,29356401384,41606356529,29356.401384,41606.356529
420282,"JAVWPABSSCSUUGE4HC2OC2J4WSX74BOQIQ242JNSWPWS5LQAK426Q3RF5I","U3JFLNF55P4X2GTISLPD2DEBEXHJCG6EK7FX4EPCP4WBFRHEX3KUEMLYKE","62TIVJSZOS4DRSSYYDDZELQAGFYQC5JWKCHRBPPYKTZN2OOOXTGLB5ZJ4E",1730073600,"N36RRSNAGVVGLD5JHZCQSR2R6OT74OF64E4V2AW3AKX55NDOIWNG5QNKAY",1,2,0.0011111111111111111,614,552187,552801,0.552187,0.552801
420272,"JSZYM2TCG36CMGN3SVUYWUZ3J6BDNIXJVVFRFXAOIONFMLQ5MQNUBNI4LM","U3JFLNF55P4X2GTISLPD2DEBEXHJCG6EK7FX4EPCP4WBFRHEX3KUEMLYKE","62TIVJSZOS4DRSSYYDDZELQAGFYQC5JWKCHRBPPYKTZN2OOOXTGLB5ZJ4E",1730073600,"Y2DUDHFYWCR2RIFGAKKZSAISPP5JAJLRANPREWTPS7FRRRGQM4Z5CDEVFQ",2,2,0.0044444444444444444,2477,557263,559740,0.557263,0.55974
417234,"UUWYGCFBVYDU3E5AVDG2C5ZLZHWNKEREHD7UJIPCOFD3ATUOPX5UAG63CI","U3JFLNF55P4X2GTISLPD2DEBEXHJCG6EK7FX4EPCP4WBFRHEX3KUEMLYKE","62TIVJSZOS4DRSSYYDDZELQAGFYQC5JWKCHRBPPYKTZN2OOOXTGLB5ZJ4E",1730073600,"FFX2QWUU7B4XNLFKV7UHRNMTYF43D2BGTZUBOV5MSISSYS6ENWBSWJ5A24",18,2,0.8,1517508650,1896885813,3414394463,1896.885813,3414.394463
417216,"45IO6L2NR6MBWSOC5G7OOGOPFSN7TGVZIABO6VSFOCFSGWNIB4PRGPE7SE","U3JFLNF55P4X2GTISLPD2DEBEXHJCG6EK7FX4EPCP4WBFRHEX3KUEMLYKE","62TIVJSZOS4DRSSYYDDZELQAGFYQC5JWKCHRBPPYKTZN2OOOXTGLB5ZJ4E",1730073600,"3S5QBFCYMWWVIKKRJZYTVS3UOQ2UWHRBH4TXG3VZA7VQMKN66D2DYJY3MQ",18,2,0.8,14871584775,18589480969,33461065744,18589.480969,33461.065744
417145,"76WJOHCZACMYCZNMUHMIOU5ILFADMAD3VEUO3VE2XO2QCX7YGNGXCGVM6I","U3JFLNF55P4X2GTISLPD2DEBEXHJCG6EK7FX4EPCP4WBFRHEX3KUEMLYKE","62TIVJSZOS4DRSSYYDDZELQAGFYQC5JWKCHRBPPYKTZN2OOOXTGLB5ZJ4E",1730073600,"ZKR3SXU5F2GHQ4FS7MVIRONEIOL2V432LP756O4R6HRW3H7XU3SKYDW3PQ",18,2,0.8,12291820070,15364775087,27656595157,15364.775087,27656.595157
416963,"SW6IYGKD7Y4B3JXPL6W65AMNXEX7ST4DDRR5B2YIMRZN5H4TVG6D4GBZ6U","U3JFLNF55P4X2GTISLPD2DEBEXHJCG6EK7FX4EPCP4WBFRHEX3KUEMLYKE","62TIVJSZOS4DRSSYYDDZELQAGFYQC5JWKCHRBPPYKTZN2OOOXTGLB5ZJ4E",1730073600,"SAXQKSAOVLL5A5ILALC6EOLN4X3MICMQP3QH5WQU2RHMJDUK4EWB63SAEY",18,2,0.8,40992461177,51240576471,92233037648,51240.576471,92233.037648
415341,"LYJAUPBKD5MJQ6G4ZLGIMVDTYSLH6RSVYIB6ZNXRGO2JDFJNKP5KAIFEUA","U3JFLNF55P4X2GTISLPD2DEBEXHJCG6EK7FX4EPCP4WBFRHEX3KUEMLYKE","62TIVJSZOS4DRSSYYDDZELQAGFYQC5JWKCHRBPPYKTZN2OOOXTGLB5ZJ4E",1730073600,"MJZTAL6SVXNMVODWGCFJ77KVWAYX2IKGOUMGROFZV5ZEXSDYUQEZCUK7V4",18,2,0.8,839941,1049926,1889867,1.049926,1.889867
415334,"N37MVUL6RD7O45KF3F2VCCBXRTOUEG7XZPLHKCFAJVPAGKF3DMXNYFGVBU","U3JFLNF55P4X2GTISLPD2DEBEXHJCG6EK7FX4EPCP4WBFRHEX3KUEMLYKE","62TIVJSZOS4DRSSYYDDZELQAGFYQC5JWKCHRBPPYKTZN2OOOXTGLB5ZJ4E",1730073600,"XOECXTT2YN3RSXUUN6D6XQXHVRV7HKDQ3WMHF6LPH3MXAPCBZZHHIAVI7M",18,2,0.8,839941,1049926,1889867,1.049926,1.889867
415327,"RX5M3J5SD2Y6RHNJNJBQOM7TFF47XJW7K3RN4F5SHZ6AGCOTP2S7BEXJQQ","U3JFLNF55P4X2GTISLPD2DEBEXHJCG6EK7FX4EPCP4WBFRHEX3KUEMLYKE","62TIVJSZOS4DRSSYYDDZELQAGFYQC5JWKCHRBPPYKTZN2OOOXTGLB5ZJ4E",1730073600,"67U6VGHRIDC27L46VEZGF3X6S3BYFUA2WK5NPZGJ7PGV2YSKWUKMYXERJI",18,2,0.8,839941,1049926,1889867,1.049926,1.889867
415320,"32H7YPFLET77CUQ6TFHCLLCBPZ64TH3GXCI2VXSOJHOY3KOWO3JYZUC2IM","U3JFLNF55P4X2GTISLPD2DEBEXHJCG6EK7FX4EPCP4WBFRHEX3KUEMLYKE","62TIVJSZOS4DRSSYYDDZELQAGFYQC5JWKCHRBPPYKTZN2OOOXTGLB5ZJ4E",1730073600,"E4CH4GCS7BMPM2MAQR7VOSXDY3AYQNCJDMTEQQHWQOGSKEUXCYCNV64XYQ",18,2,0.8,839941,1049926,1889867,1.049926,1.889867
415313,"AFLM4JAXIIYXBBL4V73QEVXM2JBBDTBH4K3SMSPVPFCD3TH2BX2DMZ7G44","U3JFLNF55P4X2GTISLPD2DEBEXHJCG6EK7FX4EPCP4WBFRHEX3KUEMLYKE","62TIVJSZOS4DRSSYYDDZELQAGFYQC5JWKCHRBPPYKTZN2OOOXTGLB5ZJ4E",1730073600,"WETE5MOWSJFMMOEJHJU3XTULAENQYRDMA6L4RREKG4JYYJNUGYZC43T5WM",18,2,0.8,839941,1049926,1889867,1.049926,1.889867
415306,"FSXKDAM2IZOGUAOWLYNSJQY7CQSJHC66LZXVTNAMQLG6IEESVZKAQSZTKA","U3JFLNF55P4X2GTISLPD2DEBEXHJCG6EK7FX4EPCP4WBFRHEX3KUEMLYKE","62TIVJSZOS4DRSSYYDDZELQAGFYQC5JWKCHRBPPYKTZN2OOOXTGLB5ZJ4E",1730073600,"CIVF3FFKO5A762WJL722JNSBCWIYGI5NN4IZ5VWLUBDYTOOE3W5Y5ENTOQ",18,2,0.8,839941,1049926,1889867,1.049926,1.889867
415292,"Z5SBINZADLNHMLCIC7QJI6JFHCN62V4J5NF22JHVV7KBCKHNMJXTGY3PWM","U3JFLNF55P4X2GTISLPD2DEBEXHJCG6EK7FX4EPCP4WBFRHEX3KUEMLYKE","62TIVJSZOS4DRSSYYDDZELQAGFYQC5JWKCHRBPPYKTZN2OOOXTGLB5ZJ4E",1730073600,"6P55NHJSAW5KNQW72C76DI5BF7SJI2732UHJW2QBFG6MJZTOXPBZFBLBSY",18,2,0.8,838423,1048029,1886452,1.048029,1.886452
415285,"6LMARTM6USDBD5JXAYJNGSU56PWRA6267SWGRYMDC2UP2VYA6T5DJUFCIM","U3JFLNF55P4X2GTISLPD2DEBEXHJCG6EK7FX4EPCP4WBFRHEX3KUEMLYKE","62TIVJSZOS4DRSSYYDDZELQAGFYQC5JWKCHRBPPYKTZN2OOOXTGLB5ZJ4E",1730073600,"OVRCOZV5QQPJTXXSQG3PUT5RRWQUSWZUZBWAGSEDHM3AMQKFNPXMNPI2JY",18,2,0.8,838423,1048029,1886452,1.048029,1.886452
415277,"JJDFCB4GW7ST5M5CVTY3S6XN37CI4NZXZBUO5XQSGX3UGT5KMRETGNUIJY","U3JFLNF55P4X2GTISLPD2DEBEXHJCG6EK7FX4EPCP4WBFRHEX3KUEMLYKE","62TIVJSZOS4DRSSYYDDZELQAGFYQC5JWKCHRBPPYKTZN2OOOXTGLB5ZJ4E",1730073600,"NVJCCJUBOIAI72F6WIOIWI4QE3IHMZ3V5UIOHPXYCCT53POJXY6J4W465U",18,2,0.8,838423,1048029,1886452,1.048029,1.886452
415270,"L5TUAMG7LCKFQQ4G3GIMIY6NCTB6RMP2RP37IUAMCQO3U64PEKJZ4OPO4Y","U3JFLNF55P4X2GTISLPD2DEBEXHJCG6EK7FX4EPCP4WBFRHEX3KUEMLYKE","62TIVJSZOS4DRSSYYDDZELQAGFYQC5JWKCHRBPPYKTZN2OOOXTGLB5ZJ4E",1730073600,"XCLO6BXU4JSOZCGCC6PGGXTSLJWAWOKF3UDUXBJYRX6UOIQSWGRT6PXK54",18,2,0.8,838423,1048029,1886452,1.048029,1.886452
415263,"MPTIDOMD5MNEAKJJ6A2XSHUQBLYH6IS4XCWXFWWIG6LEIHXNX76E44ASIE","U3JFLNF55P4X2GTISLPD2DEBEXHJCG6EK7FX4EPCP4WBFRHEX3KUEMLYKE","62TIVJSZOS4DRSSYYDDZELQAGFYQC5JWKCHRBPPYKTZN2OOOXTGLB5ZJ4E",1730073600,"WHNVOFBNL2SMWASIF3GLA4C65YFP6IXSPFDEAWHZE3YHWACCY432LAILZE",18,2,0.8,838423,1048029,1886452,1.048029,1.886452
415256,"MQ3TTX3W3YI7UV7WRYY6AOWQ52QVIVP2A2AUXSSE5MB3LCGL4I4BNNHJME","U3JFLNF55P4X2GTISLPD2DEBEXHJCG6EK7FX4EPCP4WBFRHEX3KUEMLYKE","62TIVJSZOS4DRSSYYDDZELQAGFYQC5JWKCHRBPPYKTZN2OOOXTGLB5ZJ4E",1730073600,"HIBTK2N5X6JSSC3737GUECUWDQK3M5H73BCMTKNBVZHFC544BOKT3K55YY",18,2,0.8,838423,1048029,1886452,1.048029,1.886452
415249,"QNGJLN5HHIXJJ2TNFNLAQD5SI3J4UK3TS2QZERLZDTHWBBHHEQDD32RX5Y","U3JFLNF55P4X2GTISLPD2DEBEXHJCG6EK7FX4EPCP4WBFRHEX3KUEMLYKE","62TIVJSZOS4DRSSYYDDZELQAGFYQC5JWKCHRBPPYKTZN2OOOXTGLB5ZJ4E",1730073600,"BR5TKW52CJW7PM7SDEEHQWCRAYXPG34WK23JD4D3V3FWU4E3TOESQETSX4",18,2,0.8,838423,1048029,1886452,1.048029,1.886452
415242,"AA32V5CVTR3VWL267BJ3EB5XP6UMU23MRAXH2EEHJCTTQTPHHC4YUPHOTU","U3JFLNF55P4X2GTISLPD2DEBEXHJCG6EK7FX4EPCP4WBFRHEX3KUEMLYKE","62TIVJSZOS4DRSSYYDDZELQAGFYQC5JWKCHRBPPYKTZN2OOOXTGLB5ZJ4E",1730073600,"35TFD6TMEKNPP7SMBU2EONQ7UWBXFT7GD5KKLQLNK3KSLRA7NTS7H3LHDU",18,2,0.8,838423,1048029,1886452,1.048029,1.886452
415235,"HZKKKSD32L2KBT6G2PGGOVWZ45T6WLCSXLOLRSO2UR4TQH36UB23UXJYGU","U3JFLNF55P4X2GTISLPD2DEBEXHJCG6EK7FX4EPCP4WBFRHEX3KUEMLYKE","62TIVJSZOS4DRSSYYDDZELQAGFYQC5JWKCHRBPPYKTZN2OOOXTGLB5ZJ4E",1730073600,"3INFKMYHPAZMLXFHBM4EGY52GNRIWX7QOAXDE5ISFNHX7AUJBWDECI75OY",18,2,0.8,838423,1048029,1886452,1.048029,1.886452
415228,"WRROKFCBVHA5RGBD4F6A3G2B7J6T2ATL6IC32WRTA65U22TCMQNVFZTKAA","U3JFLNF55P4X2GTISLPD2DEBEXHJCG6EK7FX4EPCP4WBFRHEX3KUEMLYKE","62TIVJSZOS4DRSSYYDDZELQAGFYQC5JWKCHRBPPYKTZN2OOOXTGLB5ZJ4E",1730073600,"L527TG4P2W4AWYJPXU2AMKQKEW3SYJIUWE6EAWEGWAXCXJU7EIL6673KPU",18,2,0.8,838423,1048029,1886452,1.048029,1.886452
415221,"J5EBVMKZ7J44BETBU63MCB25TAZ2UFQ4YDEOPSRO5ULKFL3M72NYFBXIU4","U3JFLNF55P4X2GTISLPD2DEBEXHJCG6EK7FX4EPCP4WBFRHEX3KUEMLYKE","62TIVJSZOS4DRSSYYDDZELQAGFYQC5JWKCHRBPPYKTZN2OOOXTGLB5ZJ4E",1730073600,"66HBNEO7ZJ4EV65ICIJUVFQXBVLCTIRYHXO7PMXTPUXN24GZWWJQAKEXWM",18,2,0.8,838423,1048029,1886452,1.048029,1.886452
415213,"OX7MIDHSZOIF6KJ7GEKSPSWSA7GOLPQ56L7KP2P2DFUCQ5U3YLCZZW7SWE","U3JFLNF55P4X2GTISLPD2DEBEXHJCG6EK7FX4EPCP4WBFRHEX3KUEMLYKE","62TIVJSZOS4DRSSYYDDZELQAGFYQC5JWKCHRBPPYKTZN2OOOXTGLB5ZJ4E",1730073600,"O7CATIYLHJZM3JS6MKWLN47LZTOPYKHDBXTEC75YSA2LS3SAMJ5K3U4BTA",18,2,0.8,838423,1048029,1886452,1.048029,1.886452
415206,"KOUPT3LJRTQXE2XIBBR3MDPUSLZX366XRUIMVJJWLBROPVR3BHPQMUMUTQ","U3JFLNF55P4X2GTISLPD2DEBEXHJCG6EK7FX4EPCP4WBFRHEX3KUEMLYKE","62TIVJSZOS4DRSSYYDDZELQAGFYQC5JWKCHRBPPYKTZN2OOOXTGLB5ZJ4E",1730073600,"LY6WLYOL33KK6T4QXVNFTG2UXJKLYPCVXPYQCCRNOY74MGBKN3H3UO7MMA",18,2,0.8,838423,1048029,1886452,1.048029,1.886452
415199,"ECFCSD3Z6WP655NJ2RQTJJNBAHGTCMUGSRCPBCKV67B7UG57CV3QHWBZ4A","U3JFLNF55P4X2GTISLPD2DEBEXHJCG6EK7FX4EPCP4WBFRHEX3KUEMLYKE","62TIVJSZOS4DRSSYYDDZELQAGFYQC5JWKCHRBPPYKTZN2OOOXTGLB5ZJ4E",1730073600,"HORP5FCKS2HYJLCH4CF2O3UHRCCMYUCEIUHSZQCOPL2WJVKCA5DNASEEUQ",18,2,0.8,838423,1048029,1886452,1.048029,1.886452
415192,"6A2SPKG7A54SC22KPLNWEFRNMA2TIHJNN3QAZ377ECCXJIE2WU4MFOVMLI","U3JFLNF55P4X2GTISLPD2DEBEXHJCG6EK7FX4EPCP4WBFRHEX3KUEMLYKE","62TIVJSZOS4DRSSYYDDZELQAGFYQC5JWKCHRBPPYKTZN2OOOXTGLB5ZJ4E",1730073600,"RABB3YQGDKQ6ZIBHN5Z4JENSSE2XRYY5SBIZ2UV5XW6KHUAEPN2BC4YW74",18,2,0.8,838423,1048029,1886452,1.048029,1.886452
415185,"O2CFF3SPCK4KUMTZ5UKBB6RJH52X2NV7MGSPZA2RHT7NQOFYO4FW6PGCUM","U3JFLNF55P4X2GTISLPD2DEBEXHJCG6EK7FX4EPCP4WBFRHEX3KUEMLYKE","62TIVJSZOS4DRSSYYDDZELQAGFYQC5JWKCHRBPPYKTZN2OOOXTGLB5ZJ4E",1730073600,"Z2GCAWMBP6S657KIFJYPJFLMCWW4J472PIM4N543SCQRHFFPBOERGAA5IM",18,2,0.8,838423,1048029,1886452,1.048029,1.886452
415178,"5HHEO7YTBNPXHBJTJGJVOHSELB3T5EIJYXDYJH6M2JQEAZ6UNFYX5KSBYY","U3JFLNF55P4X2GTISLPD2DEBEXHJCG6EK7FX4EPCP4WBFRHEX3KUEMLYKE","62TIVJSZOS4DRSSYYDDZELQAGFYQC5JWKCHRBPPYKTZN2OOOXTGLB5ZJ4E",1730073600,"BXNXVJ6EN2ZAVE5LJZSD7ETF7K7ATTLYRDWGWV43AXXB3T3MMZZZFJ6C4Y",18,2,0.8,838423,1048029,1886452,1.048029,1.886452
415171,"KEDNA5DHN3ADQC2XY7VFZK34BIMVQIBPAHKCJ2ZRFPDCK6L225Q6IVODBQ","U3JFLNF55P4X2GTISLPD2DEBEXHJCG6EK7FX4EPCP4WBFRHEX3KUEMLYKE","62TIVJSZOS4DRSSYYDDZELQAGFYQC5JWKCHRBPPYKTZN2OOOXTGLB5ZJ4E",1730073600,"CVXXHXS5TYSMETMBSFGWVVYRDKVSGUYSURGZBX43SC5D7OTOUVURHBBFQU",18,2,0.8,838423,1048029,1886452,1.048029,1.886452
415164,"FR6S5GEIRT6SNLAP4QUNFTI72MLV5K7X7KFXB3RC6RFO3TIEZTUWHQADR4","U3JFLNF55P4X2GTISLPD2DEBEXHJCG6EK7FX4EPCP4WBFRHEX3KUEMLYKE","62TIVJSZOS4DRSSYYDDZELQAGFYQC5JWKCHRBPPYKTZN2OOOXTGLB5ZJ4E",1730073600,"KB7UN2FFQDMT5SONEIOTCSEJCC7JNR7BHQFRMJARRP5NMQSBYS7PBIUSXE",18,2,0.8,838423,1048029,1886452,1.048029,1.886452
415157,"H7OQ3LJX6DD4LMTJHDPNPP7FXKTYBIKCOTRR7OWXDJ4WZ5Q3WADB6QU35I","U3JFLNF55P4X2GTISLPD2DEBEXHJCG6EK7FX4EPCP4WBFRHEX3KUEMLYKE","62TIVJSZOS4DRSSYYDDZELQAGFYQC5JWKCHRBPPYKTZN2OOOXTGLB5ZJ4E",1730073600,"GC6GZW3NP4DLD5CX27B3XRC5EHPLKYLDB7S5O4IQLBPG6O2UNOVC3AFHBY",18,2,0.8,838423,1048029,1886452,1.048029,1.886452
415149,"S2HMDJBH2YNBPMD5P7MG22VQC3L7HU5EBLVPHYGI2SCUWYWQCZJSWVMRZI","U3JFLNF55P4X2GTISLPD2DEBEXHJCG6EK7FX4EPCP4WBFRHEX3KUEMLYKE","62TIVJSZOS4DRSSYYDDZELQAGFYQC5JWKCHRBPPYKTZN2OOOXTGLB5ZJ4E",1730073600,"AREDQDLZFEN7H6H3UQET3PMHTEV6E3WW63G24VBHLRZQAS6SJVH5NR5COY",18,2,0.8,838423,1048029,1886452,1.048029,1.886452
415142,"UCMOAB6XBM3IOWKKLQYN7JQUXFNNM5BLYEXNYWHXREE6XMRKSLEDAWATJI","U3JFLNF55P4X2GTISLPD2DEBEXHJCG6EK7FX4EPCP4WBFRHEX3KUEMLYKE","62TIVJSZOS4DRSSYYDDZELQAGFYQC5JWKCHRBPPYKTZN2OOOXTGLB5ZJ4E",1730073600,"PGEACQ4DDVUXXMWHOPXCWH633DCRMAA4L2QJ7ARJQ3KWT36XINQQAGSJ54",18,2,0.8,838423,1048029,1886452,1.048029,1.886452
415135,"WK23DGCHXMCQHIAJNR5DUISLMBGQJJM7QE54VKZTVSBQXJUKB5476PJG34","U3JFLNF55P4X2GTISLPD2DEBEXHJCG6EK7FX4EPCP4WBFRHEX3KUEMLYKE","62TIVJSZOS4DRSSYYDDZELQAGFYQC5JWKCHRBPPYKTZN2OOOXTGLB5ZJ4E",1730073600,"7ANFNTDUNKN2CUDTNXSBPDT7JHVOMGGQTO7Z4XNVNMZRGROS6REXD6VQDA",18,2,0.8,838423,1048029,1886452,1.048029,1.886452
415128,"Z7QNKJJOVTZDDFRI2QL264GX55RTHBC3FOWJGHUURUKXIE6SOWFCLW6KLA","U3JFLNF55P4X2GTISLPD2DEBEXHJCG6EK7FX4EPCP4WBFRHEX3KUEMLYKE","62TIVJSZOS4DRSSYYDDZELQAGFYQC5JWKCHRBPPYKTZN2OOOXTGLB5ZJ4E",1730073600,"JGR5RPKJA5LIX45HKRYJXK3WY6M3AOJO7TI4LQILEI3KTG3M4AP63EG6XQ",18,2,0.8,838423,1048029,1886452,1.048029,1.886452
415121,"6DFQT4FTASKEB47JIVVJUUHQQNZLCJBWKHYMB6LEOSMYN25DDTJ7FDVE34","U3JFLNF55P4X2GTISLPD2DEBEXHJCG6EK7FX4EPCP4WBFRHEX3KUEMLYKE","62TIVJSZOS4DRSSYYDDZELQAGFYQC5JWKCHRBPPYKTZN2OOOXTGLB5ZJ4E",1730073600,"PDLDQ57T4DEZNBD5NVKUAGCJ4JRZHBEG345X6T5A4FD5JPS46PO5LIHCFY",18,2,0.8,838423,1048029,1886452,1.048029,1.886452
415114,"D3PC4WDEIL27KW4OKDICL5MWXFASADE4L5IC5QMRWCTJO6XGZL32QUO7BI","U3JFLNF55P4X2GTISLPD2DEBEXHJCG6EK7FX4EPCP4WBFRHEX3KUEMLYKE","62TIVJSZOS4DRSSYYDDZELQAGFYQC5JWKCHRBPPYKTZN2OOOXTGLB5ZJ4E",1730073600,"5RF523QQHGAHR3YGK4RQ5RAVYO4KDFY3OUEQ7J2J6SAO6DALMIHVOGVMXM",18,2,0.8,838423,1048029,1886452,1.048029,1.886452
415106,"ZGOMDD5VPCWVOG7V4XTLZYLOOWCAQCXJQWUW5652X6C5WKP2SF7OOVM72Y","U3JFLNF55P4X2GTISLPD2DEBEXHJCG6EK7FX4EPCP4WBFRHEX3KUEMLYKE","62TIVJSZOS4DRSSYYDDZELQAGFYQC5JWKCHRBPPYKTZN2OOOXTGLB5ZJ4E",1730073600,"DMWKJSSPVWO6BDR7YLKLZOBNU4XG65DJWPL3GXJBAGLJI2AKVMBIAO77J4",18,2,0.8,838423,1048029,1886452,1.048029,1.886452
415099,"VEALES7QE377SUQD56OJORTNXBFBQKS2GWEABJI7YFKIMFDR6YM4L4WZMQ","U3JFLNF55P4X2GTISLPD2DEBEXHJCG6EK7FX4EPCP4WBFRHEX3KUEMLYKE","62TIVJSZOS4DRSSYYDDZELQAGFYQC5JWKCHRBPPYKTZN2OOOXTGLB5ZJ4E",1730073600,"7GVWCP7DMXV66554EIBKFTBZI7I6VY45IJWUHVGVTCLOZCL4H4ARP55Y6E",18,2,0.8,838423,1048029,1886452,1.048029,1.886452
415092,"MIRKDXQMBUOUSP6DL3KQL54OPWXTZEN6G3GIDJXG2CNJTKIBAAJWT5LEUE","U3JFLNF55P4X2GTISLPD2DEBEXHJCG6EK7FX4EPCP4WBFRHEX3KUEMLYKE","62TIVJSZOS4DRSSYYDDZELQAGFYQC5JWKCHRBPPYKTZN2OOOXTGLB5ZJ4E",1730073600,"GQXVNFGE5FERM66FPAB2HPRJ3MZWDQZUATGQB6BL6E63OJG5GIKGACYM2I",18,2,0.8,838423,1048029,1886452,1.048029,1.886452
415085,"FXZ7VCHK3J7SS5TJXWOCG4TUAU4WQZTWOULO3II2H6K6S3HOV7BCYZW3CM","U3JFLNF55P4X2GTISLPD2DEBEXHJCG6EK7FX4EPCP4WBFRHEX3KUEMLYKE","62TIVJSZOS4DRSSYYDDZELQAGFYQC5JWKCHRBPPYKTZN2OOOXTGLB5ZJ4E",1730073600,"I3DSFWX3GFRLUC7WNKIUKQQ6DWTPXNMKMCW7BDZLGFFS3I3KQECQJ4V7L4",18,2,0.8,838423,1048029,1886452,1.048029,1.886452
415078,"USYAWDVKHQDJM6A4UHSUW6UDCXM4WZPDUMEVWOSPQHD4TOVKWK3NPM6TEY","U3JFLNF55P4X2GTISLPD2DEBEXHJCG6EK7FX4EPCP4WBFRHEX3KUEMLYKE","62TIVJSZOS4DRSSYYDDZELQAGFYQC5JWKCHRBPPYKTZN2OOOXTGLB5ZJ4E",1730073600,"JSNANIUYSRT45LL2OQMESAATWDGMQH4YIBWRAADMJWUTAGSDHHWF2IDCIY",18,2,0.8,838423,1048029,1886452,1.048029,1.886452
415071,"QYDT2Q2ALQO2SMUK6MAPHAYP62UBJJAHMUB72TF7ISTE5RHO4HRFSIXFHM","U3JFLNF55P4X2GTISLPD2DEBEXHJCG6EK7FX4EPCP4WBFRHEX3KUEMLYKE","62TIVJSZOS4DRSSYYDDZELQAGFYQC5JWKCHRBPPYKTZN2OOOXTGLB5ZJ4E",1730073600,"6GADL2PIRS2WZ3SYD34QFNVWLC4W3XIXY7VOZLF2H6YSPYN4QE4HS3CKXA",18,2,0.8,838423,1048029,1886452,1.048029,1.886452
415052,"VPCAFNCAWMJ4F3WDWCWIUDIEV5YVIXK6CK5XJVNBNZFDYCAYYQW5VFMCQU","U3JFLNF55P4X2GTISLPD2DEBEXHJCG6EK7FX4EPCP4WBFRHEX3KUEMLYKE","62TIVJSZOS4DRSSYYDDZELQAGFYQC5JWKCHRBPPYKTZN2OOOXTGLB5ZJ4E",1730073600,"DZHHR6KC2A2K4LM4H435N3SDLYOR5IKYAXXCT52GNL6WOJOG53ZWDFZW6E",18,2,0.8,838423,1048029,1886452,1.048029,1.886452
415045,"BKVIEF4673MET7UD3EB2MSR7PRCE5L44MHEYL2OQOEC2X4YSR7I6DEZLLQ","U3JFLNF55P4X2GTISLPD2DEBEXHJCG6EK7FX4EPCP4WBFRHEX3KUEMLYKE","62TIVJSZOS4DRSSYYDDZELQAGFYQC5JWKCHRBPPYKTZN2OOOXTGLB5ZJ4E",1730073600,"IU3XPC3TNYXDDLD4L6BIRNIYWOZLJYWT352QEE62G7AFYOXR4CKLQKLQQQ",18,2,0.8,838423,1048029,1886452,1.048029,1.886452
415038,"A6OHUOXPYFQBHECPGESMD54BCA67Z5NQ5NZRQ44YHB7RLABDTIK43SAMO4","U3JFLNF55P4X2GTISLPD2DEBEXHJCG6EK7FX4EPCP4WBFRHEX3KUEMLYKE","62TIVJSZOS4DRSSYYDDZELQAGFYQC5JWKCHRBPPYKTZN2OOOXTGLB5ZJ4E",1730073600,"PM32BHWDIYF3JRMUWSE5VUALYHMGBEVZTQ7GFN4B5ERDUDC5GNNKGKNC44",18,2,0.8,838423,1048029,1886452,1.048029,1.886452
415031,"4HCCQRRZFC6X3SZJKSBUJ74KQ3ZY3Z5MCUKQJWAUAMT532ORB4ZDI2XR3A","U3JFLNF55P4X2GTISLPD2DEBEXHJCG6EK7FX4EPCP4WBFRHEX3KUEMLYKE","62TIVJSZOS4DRSSYYDDZELQAGFYQC5JWKCHRBPPYKTZN2OOOXTGLB5ZJ4E",1730073600,"TCRRMCFICLLCECEWE2XZH6HULENRPIDHF72YA37MB6IERRLX33GUTS6QFE",18,2,0.8,838423,1048029,1886452,1.048029,1.886452
415023,"AZOIAMBOLDOEZGKZTVHXFGEBDO23A4E5MWVTRJIVMPORUMOQCW4D2XR7XA","U3JFLNF55P4X2GTISLPD2DEBEXHJCG6EK7FX4EPCP4WBFRHEX3KUEMLYKE","62TIVJSZOS4DRSSYYDDZELQAGFYQC5JWKCHRBPPYKTZN2OOOXTGLB5ZJ4E",1730073600,"4CHCW4LLHABEWVSOE4ZBN7X6J5NLNM4IDZUK6WIWFYGAEK2KVQDCZUWZYI",18,2,0.8,838423,1048029,1886452,1.048029,1.886452
415016,"B646Z6HNAGV4VCXI6SGOCAZXWOQJBUSXU6BPRBOHNPLOMJ5KZYJ5OV7XQE","U3JFLNF55P4X2GTISLPD2DEBEXHJCG6EK7FX4EPCP4WBFRHEX3KUEMLYKE","62TIVJSZOS4DRSSYYDDZELQAGFYQC5JWKCHRBPPYKTZN2OOOXTGLB5ZJ4E",1730073600,"76EQQKCVSQI3UUQE3EYHDCY4X33EZ2VBFIN35PNEQMJ4CI7XGG34GWCWJI",18,2,0.8,838423,1048029,1886452,1.048029,1.886452
415009,"JJ2CP43OE2PGJLQRMKZTHVJA34AQMDGZ5OVVRD4NRASIOSM4O7IQPWVPR4","U3JFLNF55P4X2GTISLPD2DEBEXHJCG6EK7FX4EPCP4WBFRHEX3KUEMLYKE","62TIVJSZOS4DRSSYYDDZELQAGFYQC5JWKCHRBPPYKTZN2OOOXTGLB5ZJ4E",1730073600,"7SELJFHOLMY3T7DE4GFM5SZIQ5XF46Q2LCEQUBIISAJ3ATZ62QS5UPSXKM",18,2,0.8,838423,1048029,1886452,1.048029,1.886452
415002,"BRLVRGN6A4TL3D5QXMV56NI2VEA6DBRXPIKKABHULMLCZJ7U6BWWV5IOAU","U3JFLNF55P4X2GTISLPD2DEBEXHJCG6EK7FX4EPCP4WBFRHEX3KUEMLYKE","62TIVJSZOS4DRSSYYDDZELQAGFYQC5JWKCHRBPPYKTZN2OOOXTGLB5ZJ4E",1730073600,"NYGPJ2T7N24USTY5XEXUCDQC4LGYDD2PK63XLLH3P6HG6E3AYM433PH2XA",18,2,0.8,838423,1048029,1886452,1.048029,1.886452
414995,"4DVGTJTHVUDENP5BSDP37RHFJHG76AC6MUUOF5DMBBMZ77PPSWOUUQBWEM","U3JFLNF55P4X2GTISLPD2DEBEXHJCG6EK7FX4EPCP4WBFRHEX3KUEMLYKE","62TIVJSZOS4DRSSYYDDZELQAGFYQC5JWKCHRBPPYKTZN2OOOXTGLB5ZJ4E",1730073600,"S72FQDXG3LNG52AUP465RBQLSB47QRWPIZVG6WYAGGRMVEI4YLIVPWJEKI",18,2,0.8,838423,1048029,1886452,1.048029,1.886452
414988,"JJINKPNEYPTDR5AQTF7ZSVIMLVYRHIFHP75M6B2KFYWBJOP6JKB25W5XPI","U3JFLNF55P4X2GTISLPD2DEBEXHJCG6EK7FX4EPCP4WBFRHEX3KUEMLYKE","62TIVJSZOS4DRSSYYDDZELQAGFYQC5JWKCHRBPPYKTZN2OOOXTGLB5ZJ4E",1730073600,"VWSXSF3OB5SL5PXRW6WIO34X2EEA4J64H3HBIPXNSBINVBOI57CL7QHTWQ",18,2,0.8,838423,1048029,1886452,1.048029,1.886452
414981,"EMDGYR3PMBIRY3FLFZZK7BDVAVTRXYKHCP4N5WCG45SDBO6CPYGYYHSKXY","U3JFLNF55P4X2GTISLPD2DEBEXHJCG6EK7FX4EPCP4WBFRHEX3KUEMLYKE","62TIVJSZOS4DRSSYYDDZELQAGFYQC5JWKCHRBPPYKTZN2OOOXTGLB5ZJ4E",1730073600,"AWW4QZL2WNEYKP45NVHRWWORL3ZXI2VOHHRE5PRIZ25YF7BTGJYEKTWEIE",18,2,0.8,838423,1048029,1886452,1.048029,1.886452
414974,"SCKOEYQVDP3MLTJB63GCRIK3VEI2ETA5N7ZX6HL4FS5YG7IBAQOOEYD5MY","U3JFLNF55P4X2GTISLPD2DEBEXHJCG6EK7FX4EPCP4WBFRHEX3KUEMLYKE","62TIVJSZOS4DRSSYYDDZELQAGFYQC5JWKCHRBPPYKTZN2OOOXTGLB5ZJ4E",1730073600,"B6KH3UPTSIQD67BH3C6AU7LOONR2WLZHBODTR4CDINYZ6HSYJ7BBOPNT5Q",18,2,0.8,838423,1048029,1886452,1.048029,1.886452
414967,"SZWGKOXN2CZWMMUIJ6NDFW5DYXRJWUKXJTXMYOSF3UFSOQDQOQFVET3ODI","U3JFLNF55P4X2GTISLPD2DEBEXHJCG6EK7FX4EPCP4WBFRHEX3KUEMLYKE","62TIVJSZOS4DRSSYYDDZELQAGFYQC5JWKCHRBPPYKTZN2OOOXTGLB5ZJ4E",1730073600,"FKPJKT5ZZYVJFQKBNFO7EYDSMANBF24BKWVYJG4D23B76NLMQVKIWK5KGU",18,2,0.8,838423,1048029,1886452,1.048029,1.886452
414960,"6HC5OYJM2LETGQ3FRNU5BLNZAFCQRH6JVJW4ZA62DVUHTFNGNMO4IYGXHE","U3JFLNF55P4X2GTISLPD2DEBEXHJCG6EK7FX4EPCP4WBFRHEX3KUEMLYKE","62TIVJSZOS4DRSSYYDDZELQAGFYQC5JWKCHRBPPYKTZN2OOOXTGLB5ZJ4E",1730073600,"EITF2NQXCYH4HY5VUGELNERHNO7IYPEY65UAEPONORWXBRA3RPTIW3Z2V4",18,2,0.8,838423,1048029,1886452,1.048029,1.886452
414953,"VNQKP4OVJYIU7R5P6CH6U46CLZBQTQE4MX27EFZB73TWTWRACBV3NXHMJE","U3JFLNF55P4X2GTISLPD2DEBEXHJCG6EK7FX4EPCP4WBFRHEX3KUEMLYKE","62TIVJSZOS4DRSSYYDDZELQAGFYQC5JWKCHRBPPYKTZN2OOOXTGLB5ZJ4E",1730073600,"OJB5KPNZPWZMJ5V2XSM37PZQTXDYKWOC65GHZSJPIQLFHSMFLHSNQSG4IU",18,2,0.8,838423,1048029,1886452,1.048029,1.886452
414946,"WZMXMXTLAYJ5TCVSKRJEIHPIS4OJ4CETUXBLVG7QTBRVGYMOEMGK2464HM","U3JFLNF55P4X2GTISLPD2DEBEXHJCG6EK7FX4EPCP4WBFRHEX3KUEMLYKE","62TIVJSZOS4DRSSYYDDZELQAGFYQC5JWKCHRBPPYKTZN2OOOXTGLB5ZJ4E",1730073600,"FLWPHPYJ2KTWAMQLODNWABTVYLEP4VD7FHGLWVFFSH2F44AB3TNME3JFJM",1,2,0.0011111111111111111,615,553188,553803,0.553188,0.553803
414939,"MFMA57TLMSIBY45KFKHBN2HWI6VMSOEBGTTYSGRJHPZPZNJKKTEAJJ3YS4","U3JFLNF55P4X2GTISLPD2DEBEXHJCG6EK7FX4EPCP4WBFRHEX3KUEMLYKE","62TIVJSZOS4DRSSYYDDZELQAGFYQC5JWKCHRBPPYKTZN2OOOXTGLB5ZJ4E",1730073600,"ZXJVCB3KW2JLU3HRXIFVBLIBF72IT4HYUCOC6CKZ4PP2KVP22P5CQUFOMM",1,2,0.0011111111111111111,615,553188,553803,0.553188,0.553803
414932,"44TILMAPIJRI4KFXVY7GMP6CTLLE7WDNHRXLKZ4NT4BGJ53EQNAEKK3JSM","U3JFLNF55P4X2GTISLPD2DEBEXHJCG6EK7FX4EPCP4WBFRHEX3KUEMLYKE","62TIVJSZOS4DRSSYYDDZELQAGFYQC5JWKCHRBPPYKTZN2OOOXTGLB5ZJ4E",1730073600,"BBMMWE2ASUOIYYNOKYIGAXTV7RW2LFTCXFQWRB7MKWIWGIAYTQOEB7EWME",18,2,0.8,838423,1048029,1886452,1.048029,1.886452
414925,"G4Y652I42TM5IGBHFY7I55TNHHYUBRQMPOGGOUVJBGXZWKTUT663YOMROA","U3JFLNF55P4X2GTISLPD2DEBEXHJCG6EK7FX4EPCP4WBFRHEX3KUEMLYKE","62TIVJSZOS4DRSSYYDDZELQAGFYQC5JWKCHRBPPYKTZN2OOOXTGLB5ZJ4E",1730073600,"XKKY4SD5APQFHYC6GHR7FFQOGD5YSQRWML72YKOFHVS5XBQH3MFI5OVWYI",18,2,0.8,838423,1048029,1886452,1.048029,1.886452
414918,"XHGNZMPF5A4TITX3Z2QM4HIAMLLFDXUWFPTDZDGQBOJ33KA723DBM2JBBQ","U3JFLNF55P4X2GTISLPD2DEBEXHJCG6EK7FX4EPCP4WBFRHEX3KUEMLYKE","62TIVJSZOS4DRSSYYDDZELQAGFYQC5JWKCHRBPPYKTZN2OOOXTGLB5ZJ4E",1730073600,"NLW4KRVUUVKNVX5MBRYQ4DXNVJGFWTWH53Z7XJFSCZQ7RVBQ27FIOQFVU4",18,2,0.8,838423,1048029,1886452,1.048029,1.886452
414911,"7V245QC764ZYXGEHCGVGXS7DKGXMDHDB4W6PM767UI32CPECMLU2YACWLQ","U3JFLNF55P4X2GTISLPD2DEBEXHJCG6EK7FX4EPCP4WBFRHEX3KUEMLYKE","62TIVJSZOS4DRSSYYDDZELQAGFYQC5JWKCHRBPPYKTZN2OOOXTGLB5ZJ4E",1730073600,"UL2IKX4AGMAWZDZRTQS2H27DKQPCCZKGUVX7QOHESHW62IF4HMPGUXBMFA",18,2,0.8,838423,1048029,1886452,1.048029,1.886452
414904,"SJCJNC3U33PN5JQW6ZLQHZKC3EHOXEKOTE67ACUTNOFL2H4TDNREYN5EKQ","U3JFLNF55P4X2GTISLPD2DEBEXHJCG6EK7FX4EPCP4WBFRHEX3KUEMLYKE","62TIVJSZOS4DRSSYYDDZELQAGFYQC5JWKCHRBPPYKTZN2OOOXTGLB5ZJ4E",1730073600,"QGHKMZA6ZY6AUD5UESHPALYK2Z55LX2ADO4JLONRVRKNZ5P46TLCVO3UEY",18,2,0.8,838423,1048029,1886452,1.048029,1.886452
414852,"SYCPF3GEVHBL3KVE2DE2YJHATL2USWEPQNJZMVZAIZG5GCCFBHRZOY3KUU","U3JFLNF55P4X2GTISLPD2DEBEXHJCG6EK7FX4EPCP4WBFRHEX3KUEMLYKE","62TIVJSZOS4DRSSYYDDZELQAGFYQC5JWKCHRBPPYKTZN2OOOXTGLB5ZJ4E",1730073600,"K22GAAPSRIMOYU2BDLOHDS2FYWSIKAXBA737DROX6RJPKHEWY44PXFPTKE",1,2,0.0011111111111111111,616,554189,554805,0.554189,0.554805
414845,"3N377RLCW6MX6J7BZWJ6T6UJYUHMTPMFMQO35Z4MEXGSXI5OESNTINAPO4","U3JFLNF55P4X2GTISLPD2DEBEXHJCG6EK7FX4EPCP4WBFRHEX3KUEMLYKE","62TIVJSZOS4DRSSYYDDZELQAGFYQC5JWKCHRBPPYKTZN2OOOXTGLB5ZJ4E",1730073600,"WMZSQYPTKVHT2TZNFCJCBSG5QQNMNHPUVR2357HYV57T2HYH6BBYNQJI2M",18,2,0.8,838423,1048029,1886452,1.048029,1.886452
414838,"3XMDGOE56GSF3MHKHKF772ZMIYYT7SKDMAUKM3WERIUA5CUKGOOJHHD7IM","U3JFLNF55P4X2GTISLPD2DEBEXHJCG6EK7FX4EPCP4WBFRHEX3KUEMLYKE","62TIVJSZOS4DRSSYYDDZELQAGFYQC5JWKCHRBPPYKTZN2OOOXTGLB5ZJ4E",1730073600,"B4D4WNFIHR3M5INZJROBFNUTXV32VVNXR3ZXYMQSVULXSBM5PPJHNV5AWI",18,2,0.8,838423,1048029,1886452,1.048029,1.886452
414831,"7OESQKNOOUJ2RUJSNXCYIGZKT6Y2H3NLX2JCPX4VKTISMSPJNY76JHN7NA","U3JFLNF55P4X2GTISLPD2DEBEXHJCG6EK7FX4EPCP4WBFRHEX3KUEMLYKE","62TIVJSZOS4DRSSYYDDZELQAGFYQC5JWKCHRBPPYKTZN2OOOXTGLB5ZJ4E",1730073600,"RNY7FAIHQ7XQEPWL625V4CCPIWFIDUIRNWRGCJRE2RI77XVWK6WVQENXII",18,2,0.8,838423,1048029,1886452,1.048029,1.886452
414824,"L2M5OZ354G2OKB4PN45UVLIE5RYQ2A35GG5SUGP5SX6CN6ZWSMUWAS4HYQ","U3JFLNF55P4X2GTISLPD2DEBEXHJCG6EK7FX4EPCP4WBFRHEX3KUEMLYKE","62TIVJSZOS4DRSSYYDDZELQAGFYQC5JWKCHRBPPYKTZN2OOOXTGLB5ZJ4E",1730073600,"F77YAZCKTGAOFXIEJZJF4T5XM4ZSYLGOOOIW7FRAEDKPRPPPIZ5FT3WEDE",18,2,0.8,838423,1048029,1886452,1.048029,1.886452
414817,"MEUQFVQJ3I3KXABROWTJLDIZISCVI7HIQJJNZO4CWG4LF57FM7XJ2QUNME","U3JFLNF55P4X2GTISLPD2DEBEXHJCG6EK7FX4EPCP4WBFRHEX3KUEMLYKE","62TIVJSZOS4DRSSYYDDZELQAGFYQC5JWKCHRBPPYKTZN2OOOXTGLB5ZJ4E",1730073600,"XMBZ6S2JXND57WLCJ2W5FJX76TNCHUXH5B5GUCS2F2EFDVRW57AKUGQGU4",18,2,0.8,838423,1048029,1886452,1.048029,1.886452
414810,"YJNZHQEEYC6UX2YDVAZFPBHYJ5GSHMSW45WX6MRUBGDGM7G3BYYWU5E2OU","U3JFLNF55P4X2GTISLPD2DEBEXHJCG6EK7FX4EPCP4WBFRHEX3KUEMLYKE","62TIVJSZOS4DRSSYYDDZELQAGFYQC5JWKCHRBPPYKTZN2OOOXTGLB5ZJ4E",1730073600,"3EVNYINIY4M7PFW4QXOOVMCSBIZEUP7HCK33342YGA5LXZD7K2MK62JMSM",18,2,0.8,838423,1048029,1886452,1.048029,1.886452
414803,"EXVLTZAEXJYCVYORDLPT4MU6MXS7QBNFVTOI3XY7S3VLCRXMUZWHI3ELAQ","U3JFLNF55P4X2GTISLPD2DEBEXHJCG6EK7FX4EPCP4WBFRHEX3KUEMLYKE","62TIVJSZOS4DRSSYYDDZELQAGFYQC5JWKCHRBPPYKTZN2OOOXTGLB5ZJ4E",1730073600,"YQJCGOBSKGPWPKUN7SOJKPVL42QTYRMSTLQLPLBEAEYFCEFHOZVVQSY45E",18,2,0.8,838423,1048029,1886452,1.048029,1.886452
414796,"XIEJPRAMWOJRAPZ2VVSSV4GTDRV2DBASBRDID3IANGVYKNZNMDW6KV2LLQ","U3JFLNF55P4X2GTISLPD2DEBEXHJCG6EK7FX4EPCP4WBFRHEX3KUEMLYKE","62TIVJSZOS4DRSSYYDDZELQAGFYQC5JWKCHRBPPYKTZN2OOOXTGLB5ZJ4E",1730073600,"H6OGM2UG33ZCXXKLAVECE7SHFXBWTGH5SCJU7MC3VOW5PLQZ2MFDOQBJCU",18,2,0.8,838423,1048029,1886452,1.048029,1.886452
414789,"OARUKJWXIJX5H3HN3BC3AKQNGG6KMVF42VGWWH5ZFAVXJIMIMZJZADZHLU","U3JFLNF55P4X2GTISLPD2DEBEXHJCG6EK7FX4EPCP4WBFRHEX3KUEMLYKE","62TIVJSZOS4DRSSYYDDZELQAGFYQC5JWKCHRBPPYKTZN2OOOXTGLB5ZJ4E",1730073600,"ZGS5ACSYRLB5HRSJ2MLONNVF4EB67TTF5LULGRQD6W636YLXR43ZIMGRX4",18,2,0.8,838423,1048029,1886452,1.048029,1.886452
414782,"L5YJKGDCYP7UNIGSRDCAGHSNRJAUSZGMF2POUR2NCMCLEL7SHQIY3BP3RQ","U3JFLNF55P4X2GTISLPD2DEBEXHJCG6EK7FX4EPCP4WBFRHEX3KUEMLYKE","62TIVJSZOS4DRSSYYDDZELQAGFYQC5JWKCHRBPPYKTZN2OOOXTGLB5ZJ4E",1730073600,"R6DGB77MRAT4RJRAGCHTNCL5SODURT3XSVXXETFJDZBORPFXAAQUZKITHI",18,2,0.8,838423,1048029,1886452,1.048029,1.886452
414775,"K5HFOT6JQKN2IVTQOTCUI26JOVRVTFFP5DO6PFDN7IBKX365RSIS7SYLLU","U3JFLNF55P4X2GTISLPD2DEBEXHJCG6EK7FX4EPCP4WBFRHEX3KUEMLYKE","62TIVJSZOS4DRSSYYDDZELQAGFYQC5JWKCHRBPPYKTZN2OOOXTGLB5ZJ4E",1730073600,"73QVWYOHR27QRLU5XN65US3VSGEOYLHAIOX45WFT67I3UKJCCPP4OVDLXM",18,2,0.8,838423,1048029,1886452,1.048029,1.886452
414767,"PJF4UQCN6B3WJJXM76GDRDYP66JMXUQB5RZ2T55XWZKLORR5VLAWUXNRAI","U3JFLNF55P4X2GTISLPD2DEBEXHJCG6EK7FX4EPCP4WBFRHEX3KUEMLYKE","62TIVJSZOS4DRSSYYDDZELQAGFYQC5JWKCHRBPPYKTZN2OOOXTGLB5ZJ4E",1730073600,"HDDD6JYMY7LVTZZPDY6TAG2E2BOV7FN45YGQR5H6CXGKU4HHT2ZXD5IIMA",18,2,0.8,838423,1048029,1886452,1.048029,1.886452
414760,"FAFPR72L3UNN3XNFVH5J3BLGI6JQ5R5TV7CF34YWSSU5VG6XA36T3D4OMQ","U3JFLNF55P4X2GTISLPD2DEBEXHJCG6EK7FX4EPCP4WBFRHEX3KUEMLYKE","62TIVJSZOS4DRSSYYDDZELQAGFYQC5JWKCHRBPPYKTZN2OOOXTGLB5ZJ4E",1730073600,"DF4NEXNJEDW24EKGYBY66D6RK2DPQL2UJLLDRHCRFNIS3ARY2RZU5GLTSQ",18,2,0.8,838423,1048029,1886452,1.048029,1.886452
414753,"7NSWLYO7HTE7KJVVYD7PZUXP5TGYGA7PVQ3NSEDO547ZA6BKI4QDWLUSR4","U3JFLNF55P4X2GTISLPD2DEBEXHJCG6EK7FX4EPCP4WBFRHEX3KUEMLYKE","62TIVJSZOS4DRSSYYDDZELQAGFYQC5JWKCHRBPPYKTZN2OOOXTGLB5ZJ4E",1730073600,"T3G6OG5CJ5AGZSKIHJNSOIJZGFQW3TCWIUAHAA5ZPU6IMSPLIRNIWFTIDA",18,2,0.8,838423,1048029,1886452,1.048029,1.886452
414746,"IN7EKL2FLUQB5NQZ7NYKQAAJLQVX24W63PTXOKKOD4KV6MX2ZBVEIPIRPI","U3JFLNF55P4X2GTISLPD2DEBEXHJCG6EK7FX4EPCP4WBFRHEX3KUEMLYKE","62TIVJSZOS4DRSSYYDDZELQAGFYQC5JWKCHRBPPYKTZN2OOOXTGLB5ZJ4E",1730073600,"XNGPJKWNFK22D6P2KDOKDFJSZ7BJANTWT373Q4JY2XNI4DFAIWQXZJEFDU",18,2,0.8,838423,1048029,1886452,1.048029,1.886452
414739,"NVKKMG56BNBUXOL7SAXATON2HVXTUJ55ED3BIC3ZRGEAQNDJX3EVW5JC44","U3JFLNF55P4X2GTISLPD2DEBEXHJCG6EK7FX4EPCP4WBFRHEX3KUEMLYKE","62TIVJSZOS4DRSSYYDDZELQAGFYQC5JWKCHRBPPYKTZN2OOOXTGLB5ZJ4E",1730073600,"HDXLT2KAFZGNR6TCNKWS6625AHVBS7HEG6GAD4WFXVASTTRBLFNEZUBRLA",18,2,0.8,838423,1048029,1886452,1.048029,1.886452
414732,"ISVGMYYZHLPPLW2FWMSHVHG4QIXCOYBSCOJ5Z32SWSMHRCYM42R6UPZSP4","U3JFLNF55P4X2GTISLPD2DEBEXHJCG6EK7FX4EPCP4WBFRHEX3KUEMLYKE","62TIVJSZOS4DRSSYYDDZELQAGFYQC5JWKCHRBPPYKTZN2OOOXTGLB5ZJ4E",1730073600,"JD2PPWX5A62TQH65RHLNKGV66OZYS2Y5I3VUUBPP4UY2V5HZKP7OL7VKD4",18,2,0.8,838423,1048029,1886452,1.048029,1.886452
414725,"WRWDEBXLRN6WMQL7UYFWCXSFYGONNNU4R26OBM55F6WLDYFL7VC2ZFMAGA","U3JFLNF55P4X2GTISLPD2DEBEXHJCG6EK7FX4EPCP4WBFRHEX3KUEMLYKE","62TIVJSZOS4DRSSYYDDZELQAGFYQC5JWKCHRBPPYKTZN2OOOXTGLB5ZJ4E",1730073600,"J5W6S6ISHXLNGSK7FRZIJV3L4O36GWFNERFET4523OOZ2ATTNVETYFYNSQ",18,2,0.8,838423,1048029,1886452,1.048029,1.886452
414718,"RDSQABIQ4UGRKCPI2S2BREODMU5NZN2MVBR3ON2FHTOKO42F3EUEPTQDAE","U3JFLNF55P4X2GTISLPD2DEBEXHJCG6EK7FX4EPCP4WBFRHEX3KUEMLYKE","62TIVJSZOS4DRSSYYDDZELQAGFYQC5JWKCHRBPPYKTZN2OOOXTGLB5ZJ4E",1730073600,"JAH734HRPBP6EMBK5O272QTQXPNLLIHOP7YQFUFV2JACJMHGW7FJKRZSDU",18,2,0.8,838423,1048029,1886452,1.048029,1.886452
414711,"Q2NWEOFIHSOZPX6AZTZDZFTMETATUXT67RPZU5NWIDLPG2VJMJVRFYXVKU","U3JFLNF55P4X2GTISLPD2DEBEXHJCG6EK7FX4EPCP4WBFRHEX3KUEMLYKE","62TIVJSZOS4DRSSYYDDZELQAGFYQC5JWKCHRBPPYKTZN2OOOXTGLB5ZJ4E",1730073600,"ZP67YOO53UCW7N7W43KJMAWLDOKIBD2EP2QXOI2PNCMGUWNR4FJKMF37XQ",18,2,0.8,838423,1048029,1886452,1.048029,1.886452
414704,"ULNYZRAUFO7N3CE7CXVUGD2VIFN5DBT5XOFIVHY6QOUB7SWZ5Y2E7J5K3A","U3JFLNF55P4X2GTISLPD2DEBEXHJCG6EK7FX4EPCP4WBFRHEX3KUEMLYKE","62TIVJSZOS4DRSSYYDDZELQAGFYQC5JWKCHRBPPYKTZN2OOOXTGLB5ZJ4E",1730073600,"DZ5J66XTRU6EU5KDNRAPHRM5I7U7BMI63ADTTV4QL76PC63GGPITLU47MM",18,2,0.8,838423,1048029,1886452,1.048029,1.886452
414697,"OP2UHRGHBUU2W56P6R5XCVR25JRWWDDRTXNAZ6SSL6SRW4CJ6HF6377XDQ","U3JFLNF55P4X2GTISLPD2DEBEXHJCG6EK7FX4EPCP4WBFRHEX3KUEMLYKE","62TIVJSZOS4DRSSYYDDZELQAGFYQC5JWKCHRBPPYKTZN2OOOXTGLB5ZJ4E",1730073600,"UIM6WLGVGZVGLN3IZOI5WWPKTCTU7FBMRLR6GQLHYLL77CZFLCA7OIW63A",18,2,0.8,838423,1048029,1886452,1.048029,1.886452
414690,"PSGZ34OOI2FSIJ7IO3LDDJRIT7DCHYKJVV2PL5NGU4THMUWZ7KNAHJJKHE","U3JFLNF55P4X2GTISLPD2DEBEXHJCG6EK7FX4EPCP4WBFRHEX3KUEMLYKE","62TIVJSZOS4DRSSYYDDZELQAGFYQC5JWKCHRBPPYKTZN2OOOXTGLB5ZJ4E",1730073600,"NA2VXTMNA5VLFMLIK5ZHU4PCP5HSMZATR2CCISMYQ7AAG7MXIOCQKHO37I",18,2,0.8,838423,1048029,1886452,1.048029,1.886452
414682,"AB267COX3ZR536DVXY3ENBCWMICVHS2RJHBU3RQ46BWJNA6WKMBEEXCFZI","U3JFLNF55P4X2GTISLPD2DEBEXHJCG6EK7FX4EPCP4WBFRHEX3KUEMLYKE","62TIVJSZOS4DRSSYYDDZELQAGFYQC5JWKCHRBPPYKTZN2OOOXTGLB5ZJ4E",1730073600,"XAHGDX4ZDKEHBAPXR7DKJBPSRRCDB333PTDDXMR7UP4ZVBTU5JBDLVNFP4",18,2,0.8,838423,1048029,1886452,1.048029,1.886452
414675,"H7CF7JLAUIPDMOZFIMVMVUTNCQTQUCEA73ZEL7QDIK6K2EVC67WBZ5PATY","U3JFLNF55P4X2GTISLPD2DEBEXHJCG6EK7FX4EPCP4WBFRHEX3KUEMLYKE","62TIVJSZOS4DRSSYYDDZELQAGFYQC5JWKCHRBPPYKTZN2OOOXTGLB5ZJ4E",1730073600,"5GXZLUWAEAQNTBLHBXYM6MM7242JB55OO4CVSVAVW3JWT5AELQOHZWP53A",18,2,0.8,838423,1048029,1886452,1.048029,1.886452
414668,"XNX4QE5T3IUZ2UCTXJK5PMFVQLYFWXDEKD624JWUSMFTP4TERZLUR3PXOA","U3JFLNF55P4X2GTISLPD2DEBEXHJCG6EK7FX4EPCP4WBFRHEX3KUEMLYKE","62TIVJSZOS4DRSSYYDDZELQAGFYQC5JWKCHRBPPYKTZN2OOOXTGLB5ZJ4E",1730073600,"S5TZP6D6F4MYTIOO4NNI54OXOVXWBB2V5VYR2KM46N5WDU5P5Z2N3YAXLA",18,2,0.8,838423,1048029,1886452,1.048029,1.886452
414661,"K3DBWME2AN5FLVBRSNVYSD5TRYUGJV6QGDAIIQLGPYTZGIORWMBB5UCAYU","U3JFLNF55P4X2GTISLPD2DEBEXHJCG6EK7FX4EPCP4WBFRHEX3KUEMLYKE","62TIVJSZOS4DRSSYYDDZELQAGFYQC5JWKCHRBPPYKTZN2OOOXTGLB5ZJ4E",1730073600,"ZL5B36U776ULJEXYYSHTGLWXN2LNVJG3WKDTXIURDKNOCQ4XX7H3GM4TEI",18,2,0.8,838423,1048029,1886452,1.048029,1.886452
414654,"7I3D4YU4DPSMUNKLW73AG6QF4MRT5CNCU3TLA2YCBZUY2BFADR5EORNZ2Q","U3JFLNF55P4X2GTISLPD2DEBEXHJCG6EK7FX4EPCP4WBFRHEX3KUEMLYKE","62TIVJSZOS4DRSSYYDDZELQAGFYQC5JWKCHRBPPYKTZN2OOOXTGLB5ZJ4E",1730073600,"MU436TW437DB43TMZZGEJNL3WGWEEI3MVFNW27JTD4UW5YS3WOPFSWS4TA",18,2,0.8,838423,1048029,1886452,1.048029,1.886452
414647,"KYUPT6RPAAQ6Z2WRUVCKXHWRTTPKBLL46SSSJARCOZPCYWJ2RBVVRD2GPU","U3JFLNF55P4X2GTISLPD2DEBEXHJCG6EK7FX4EPCP4WBFRHEX3KUEMLYKE","62TIVJSZOS4DRSSYYDDZELQAGFYQC5JWKCHRBPPYKTZN2OOOXTGLB5ZJ4E",1730073600,"LOSESEGWV2VEGMBRMAVC3AS3RACCBA6JOWRHM2GHTNJLCVGI2MNKIEMIPQ",18,2,0.8,838423,1048029,1886452,1.048029,1.886452
414640,"MZQWSUZ563AGL2X2IBT22HROPZE5T5HBOMKQP4XR7HR5K4DLEXD6IRWKXQ","U3JFLNF55P4X2GTISLPD2DEBEXHJCG6EK7FX4EPCP4WBFRHEX3KUEMLYKE","62TIVJSZOS4DRSSYYDDZELQAGFYQC5JWKCHRBPPYKTZN2OOOXTGLB5ZJ4E",1730073600,"HZGW2DAYLBGW3QNFS6BTMUXSPVZKG6JFUWAV7V6MKPXHSSBHRBUOEISIOU",18,2,0.8,838423,1048029,1886452,1.048029,1.886452
414633,"ZFMRNLYNPCBVXWQY25VWWPBFXMSD64SVMXM2TPE354DDNZMHLQYGFIG6GY","U3JFLNF55P4X2GTISLPD2DEBEXHJCG6EK7FX4EPCP4WBFRHEX3KUEMLYKE","62TIVJSZOS4DRSSYYDDZELQAGFYQC5JWKCHRBPPYKTZN2OOOXTGLB5ZJ4E",1730073600,"UEA5JCMGKRBSI7UQPQQJRNJ4ZUUYTNM3K5THDRMRTJFHHEXMFY3OY4SXHE",18,2,0.8,838423,1048029,1886452,1.048029,1.886452
414626,"2ABR3QSM3EUJQID5RNOT5ZWMPIVPD3DIMHX5YRGQF4AMN4J3K72BI545EY","U3JFLNF55P4X2GTISLPD2DEBEXHJCG6EK7FX4EPCP4WBFRHEX3KUEMLYKE","62TIVJSZOS4DRSSYYDDZELQAGFYQC5JWKCHRBPPYKTZN2OOOXTGLB5ZJ4E",1730073600,"WSCZIICO2HYZMW7IP42FZWWQL2A4ROMA6LLLLZU7UDDW5EKFHNNY54S7AE",18,2,0.8,838423,1048029,1886452,1.048029,1.886452
414619,"Y2YEZCWZFDPTEYCFOYFX4QLSWMALMIIRK7JW2PV5V644COO2N3HKUKBWPI","U3JFLNF55P4X2GTISLPD2DEBEXHJCG6EK7FX4EPCP4WBFRHEX3KUEMLYKE","62TIVJSZOS4DRSSYYDDZELQAGFYQC5JWKCHRBPPYKTZN2OOOXTGLB5ZJ4E",1730073600,"YJ5SSZOAJBKY7WYNFDHGH2HS4WJSINN2RAQUUEGKLXKBCUQC2WXN22SDGI",18,2,0.8,838423,1048029,1886452,1.048029,1.886452
414612,"ZON2KLEAYVLH6BV2KNBOPGLLHEWSJYCFECNPMOQ4S6WU23CSXOPS5KAIXI","U3JFLNF55P4X2GTISLPD2DEBEXHJCG6EK7FX4EPCP4WBFRHEX3KUEMLYKE","62TIVJSZOS4DRSSYYDDZELQAGFYQC5JWKCHRBPPYKTZN2OOOXTGLB5ZJ4E",1730073600,"DCEEZIMOVEPKD4FUV6ID424KM22O7JEZ45IZNIJCWGNMCNHQ7QUP3A356U",18,2,0.8,838423,1048029,1886452,1.048029,1.886452
414605,"2WBMPFPAPXTJQDGD3RA34TDORVY4RDYKOGAW4NXTKOWUCEUCDPHJT46CUM","U3JFLNF55P4X2GTISLPD2DEBEXHJCG6EK7FX4EPCP4WBFRHEX3KUEMLYKE","62TIVJSZOS4DRSSYYDDZELQAGFYQC5JWKCHRBPPYKTZN2OOOXTGLB5ZJ4E",1730073600,"CDSCRXTSWGYWL5F4HG755BRHCP7JA545JYS45RRIHIQGBW7HGTM6GK5YLE",18,2,0.8,838423,1048029,1886452,1.048029,1.886452
414598,"6C2CF5JS2N2Y7EVXDWIOAAAB65HKG467SB7FZMLV4L6GZZBDXVK34JFTZE","U3JFLNF55P4X2GTISLPD2DEBEXHJCG6EK7FX4EPCP4WBFRHEX3KUEMLYKE","62TIVJSZOS4DRSSYYDDZELQAGFYQC5JWKCHRBPPYKTZN2OOOXTGLB5ZJ4E",1730073600,"7LUDZUZY4UR5NGDMYJQ72J5ACP2QS3XXSLV6TUMK2CE4IKNCJUMCMA75UE",18,2,0.8,838423,1048029,1886452,1.048029,1.886452
414591,"V6E4S7N4SSP2CTFRX2UEKSANXYBSHLTOCLSVXYVZV7RWRHS54BAYW6PSNY","U3JFLNF55P4X2GTISLPD2DEBEXHJCG6EK7FX4EPCP4WBFRHEX3KUEMLYKE","62TIVJSZOS4DRSSYYDDZELQAGFYQC5JWKCHRBPPYKTZN2OOOXTGLB5ZJ4E",1730073600,"P2PILE43X5VJX7N3CMS24MOM4IEKG572NXP4L5HCITGCI7WEL5T72646VU",18,2,0.8,838423,1048029,1886452,1.048029,1.886452
414584,"S7OZX2ZU3DWE4M5ISOPIWIQL2OQYTUQLMOHSJZ4PYBO6ASMHP3XOEJJ6VQ","U3JFLNF55P4X2GTISLPD2DEBEXHJCG6EK7FX4EPCP4WBFRHEX3KUEMLYKE","62TIVJSZOS4DRSSYYDDZELQAGFYQC5JWKCHRBPPYKTZN2OOOXTGLB5ZJ4E",1730073600,"2XRLLDTAYPD2M6PMW6QWAKTK44K4ARZTDG72HKDDQ3U77WZEROKFGZOU5E",18,2,0.8,838423,1048029,1886452,1.048029,1.886452
414577,"UMS7AE5CAYZPZS3QDRRJF5AIBX5FARR6KNVERC5FBV3U5WWIBKGSNEZE4U","U3JFLNF55P4X2GTISLPD2DEBEXHJCG6EK7FX4EPCP4WBFRHEX3KUEMLYKE","62TIVJSZOS4DRSSYYDDZELQAGFYQC5JWKCHRBPPYKTZN2OOOXTGLB5ZJ4E",1730073600,"OYKQHQWNYGUZI42HXVQ75NRXLLBNWLQSZID6FBZUG4VKM7U6JLOHBHW2I4",18,2,0.8,838423,1048029,1886452,1.048029,1.886452
414570,"HWNFTJFW7LPOTCBVHK635Y5ICMP3UKLRFFJZXEDG6K23YCAUSDOKDDVT74","U3JFLNF55P4X2GTISLPD2DEBEXHJCG6EK7FX4EPCP4WBFRHEX3KUEMLYKE","62TIVJSZOS4DRSSYYDDZELQAGFYQC5JWKCHRBPPYKTZN2OOOXTGLB5ZJ4E",1730073600,"2BWXZXD53ZEFQBUTUWX2MWE6R2473MNCUPQ23KKAHYMQFNJ2F2YMVTIQBE",18,2,0.8,838423,1048029,1886452,1.048029,1.886452
414563,"QPCFB5SAEMXP22F6QGZ6M5N3MK54FZYZOFNWVG3RGOK3IUUUK35LBV26UE","U3JFLNF55P4X2GTISLPD2DEBEXHJCG6EK7FX4EPCP4WBFRHEX3KUEMLYKE","62TIVJSZOS4DRSSYYDDZELQAGFYQC5JWKCHRBPPYKTZN2OOOXTGLB5ZJ4E",1730073600,"JYJN2WO3MW6JIR2WJKWMGCB4YJRIXUXCE6LO4PUO6OGJOI2NPGRDWKLN5E",18,2,0.8,838423,1048029,1886452,1.048029,1.886452
414495,"66CZQMOINSHJU3USXPJAKQ3HSDB4LOGBNQL5S6NYH7FXQ2KX7QQETES2CA","U3JFLNF55P4X2GTISLPD2DEBEXHJCG6EK7FX4EPCP4WBFRHEX3KUEMLYKE","62TIVJSZOS4DRSSYYDDZELQAGFYQC5JWKCHRBPPYKTZN2OOOXTGLB5ZJ4E",1730073600,"KJBFXJ55OEJJFLATN5HDNGUU3QAY5TDODVCV4FMHGIUXXQMQF2UUDYLWS4",18,2,0.8,838423,1048029,1886452,1.048029,1.886452
414488,"VKAYI2GG2ZXZZJTYG2UVHXMJLGCSBO32JNB2QCM5HRK6YSEAP4AEA5TPWI","U3JFLNF55P4X2GTISLPD2DEBEXHJCG6EK7FX4EPCP4WBFRHEX3KUEMLYKE","62TIVJSZOS4DRSSYYDDZELQAGFYQC5JWKCHRBPPYKTZN2OOOXTGLB5ZJ4E",1730073600,"USGQ7WZ3VPXBE5V5KVVKCXCGKM2SL34CT7TFUCTFTZKTQ445GXANPQ4L4E",18,2,0.8,838423,1048029,1886452,1.048029,1.886452
414481,"MV37DXQ7OPIT22D6FTVPLQ5EMBH5IE46S32UTLEBU5KDPZKCCV7XTGEUFQ","U3JFLNF55P4X2GTISLPD2DEBEXHJCG6EK7FX4EPCP4WBFRHEX3KUEMLYKE","62TIVJSZOS4DRSSYYDDZELQAGFYQC5JWKCHRBPPYKTZN2OOOXTGLB5ZJ4E",1730073600,"JWBP3METJD2QBQZZMFEDLQ67VV2XEGUNU7A2KOEW44AOCC6YR57ES6PGZ4",18,2,0.8,838423,1048029,1886452,1.048029,1.886452
414474,"SSQHKLOLSRFRI2CIGKHGSVGMSI4UB4TIGL6WDMFCIG6XUCLKPNEDXIPSBI","U3JFLNF55P4X2GTISLPD2DEBEXHJCG6EK7FX4EPCP4WBFRHEX3KUEMLYKE","62TIVJSZOS4DRSSYYDDZELQAGFYQC5JWKCHRBPPYKTZN2OOOXTGLB5ZJ4E",1730073600,"NDHSEYRTEA4JFY4JGWOV5Y4QZWFCJVJEVAFDCUYGYRSPQ56TRSQFVJCWLQ",18,2,0.8,838423,1048029,1886452,1.048029,1.886452
414467,"6YOKLFZZMUYVOS7HTCKFO6OSAQNMYZMRCVNNBCYOFRESQSBSVFH3XSEHTA","U3JFLNF55P4X2GTISLPD2DEBEXHJCG6EK7FX4EPCP4WBFRHEX3KUEMLYKE","62TIVJSZOS4DRSSYYDDZELQAGFYQC5JWKCHRBPPYKTZN2OOOXTGLB5ZJ4E",1730073600,"ZACZ7DRELFFSG4SYLH2HCH4E6PYD243UQ2RR6INJATI26BA7GA2YGF6BSY",18,2,0.8,838423,1048029,1886452,1.048029,1.886452
414460,"O5POKGQWBNAPKX52UULPDVBMLZGQGKACSP4JN7MK2OUOMC4QBJK6LIQCOU","U3JFLNF55P4X2GTISLPD2DEBEXHJCG6EK7FX4EPCP4WBFRHEX3KUEMLYKE","62TIVJSZOS4DRSSYYDDZELQAGFYQC5JWKCHRBPPYKTZN2OOOXTGLB5ZJ4E",1730073600,"N4LMB7JYIMSJLB7JXCWW4JNSJEMNTEOQFFUC5RHAO5LZA344DBKGAVARGI",18,2,0.8,838423,1048029,1886452,1.048029,1.886452
414453,"2EDYE5O5XXJOVXJFOI2OJ5RH2FQYG6PST45VNZR3X3E5N63ON6XL3JULHA","U3JFLNF55P4X2GTISLPD2DEBEXHJCG6EK7FX4EPCP4WBFRHEX3KUEMLYKE","62TIVJSZOS4DRSSYYDDZELQAGFYQC5JWKCHRBPPYKTZN2OOOXTGLB5ZJ4E",1730073600,"QJFDPPPETSF2CWVKDDUN66XOWUHN4PAHKRZYNYBDTQSPQFLLSBYLYOINIQ",18,2,0.8,841458,1051823,1893281,1.051823,1.893281
414446,"V7QZW75BO7VNHZK5TSLLF4NHREUPJRZOF2WGW7D2HA7V5IPB7IS5VODWUU","U3JFLNF55P4X2GTISLPD2DEBEXHJCG6EK7FX4EPCP4WBFRHEX3KUEMLYKE","62TIVJSZOS4DRSSYYDDZELQAGFYQC5JWKCHRBPPYKTZN2OOOXTGLB5ZJ4E",1730073600,"YRMTRTAURQIAVSZXQ2SP7QLZWVMIOG2IAXPXEKNCP6W4QUU4KDR2SR4PWI",18,2,0.8,841458,1051823,1893281,1.051823,1.893281
414439,"YFA2PH4KAFCDVJKZJCGLAGUTHPBQCM7HA63L4GATCDAYBGBPTP5B2CBGC4","U3JFLNF55P4X2GTISLPD2DEBEXHJCG6EK7FX4EPCP4WBFRHEX3KUEMLYKE","62TIVJSZOS4DRSSYYDDZELQAGFYQC5JWKCHRBPPYKTZN2OOOXTGLB5ZJ4E",1730073600,"622BFSE75EOECIYSIJOKF52P2FARVNLB2SFHP3D4BKTGZC4AJ6IQYLC3UE",18,2,0.8,841458,1051823,1893281,1.051823,1.893281
414432,"OABJKP7DYMWJBAUSRV2T5WTCOAIQO2FZXCWCKUYIWQF2POAIN3PM6JTWCU","U3JFLNF55P4X2GTISLPD2DEBEXHJCG6EK7FX4EPCP4WBFRHEX3KUEMLYKE","62TIVJSZOS4DRSSYYDDZELQAGFYQC5JWKCHRBPPYKTZN2OOOXTGLB5ZJ4E",1730073600,"OSNMSLH6Y7OHLT53232HTEHV2IOJWXJAGERA5STFBBLJLOTYP665ZEZES4",18,2,0.8,841458,1051823,1893281,1.051823,1.893281
414425,"YHT2SQK4NTMNALOJMN4XNFZSXV2T4Y4JEA42BFDO2Z4AT7XDRFV4RW5OTU","U3JFLNF55P4X2GTISLPD2DEBEXHJCG6EK7FX4EPCP4WBFRHEX3KUEMLYKE","62TIVJSZOS4DRSSYYDDZELQAGFYQC5JWKCHRBPPYKTZN2OOOXTGLB5ZJ4E",1730073600,"LCIBW6U7PET4WMAAPFN2QDF4RTOHJFXJM5VR4WHMTBKP2K3QPAFQEIXMTM",18,2,0.8,841458,1051823,1893281,1.051823,1.893281
414418,"FKSJSLIKCYSQHGDEQ6P6EYD7OWPAK64DGUHEGORM3XLCPNLGWRZCZR5RRI","U3JFLNF55P4X2GTISLPD2DEBEXHJCG6EK7FX4EPCP4WBFRHEX3KUEMLYKE","62TIVJSZOS4DRSSYYDDZELQAGFYQC5JWKCHRBPPYKTZN2OOOXTGLB5ZJ4E",1730073600,"IMDOKQMEMEGLUDEDRYUZFJLTOZYZLUTLE4A7U4K2GJRLOFIACMZIMR6JQI",18,2,0.8,838423,1048029,1886452,1.048029,1.886452
414411,"4A4WE4CFISOSNMVO53SLYBSAV2D7DPZEKXWLYTO2JZJOTJPSY6UW4NTPUE","U3JFLNF55P4X2GTISLPD2DEBEXHJCG6EK7FX4EPCP4WBFRHEX3KUEMLYKE","62TIVJSZOS4DRSSYYDDZELQAGFYQC5JWKCHRBPPYKTZN2OOOXTGLB5ZJ4E",1730073600,"XNN3SDYMNO4VYKARKSTGX2FDRTS6MOBIUE3SUBPLQQT7WFECCIWJPZLDW4",18,2,0.8,838423,1048029,1886452,1.048029,1.886452
414404,"CLELJOUBQ67KFBGSKXAGBUYTR64EM6KER4DKZNP2FKCP2QGOMRMER24Z7I","U3JFLNF55P4X2GTISLPD2DEBEXHJCG6EK7FX4EPCP4WBFRHEX3KUEMLYKE","62TIVJSZOS4DRSSYYDDZELQAGFYQC5JWKCHRBPPYKTZN2OOOXTGLB5ZJ4E",1730073600,"JKA4BHTMCGD4P37MECG5SVOL3FWLPULMRETUVQ4PZVLBLCE7IEG6DIKT3Q",18,2,0.8,838423,1048029,1886452,1.048029,1.886452
414397,"VT4PF47PGJDY4VK5Q2276EG3LEWFZHXYFTPFE3Y5FNJO3DBS2XXRBZ2PSI","U3JFLNF55P4X2GTISLPD2DEBEXHJCG6EK7FX4EPCP4WBFRHEX3KUEMLYKE","62TIVJSZOS4DRSSYYDDZELQAGFYQC5JWKCHRBPPYKTZN2OOOXTGLB5ZJ4E",1730073600,"MXUN4YQNKXC6PMDSMSZE5JLPUCKRXBII5LTN7MCZ53U6QHFAH7VZTFUQ5A",18,2,0.8,839941,1049926,1889867,1.049926,1.889867
414390,"MUO55OGI3BQIBHYRI3HORASU4CANDYVGNCEVZGBMKLG2KFMQ7HHQWIAEOQ","U3JFLNF55P4X2GTISLPD2DEBEXHJCG6EK7FX4EPCP4WBFRHEX3KUEMLYKE","62TIVJSZOS4DRSSYYDDZELQAGFYQC5JWKCHRBPPYKTZN2OOOXTGLB5ZJ4E",1730073600,"NM56QNPT7WMFBNYL5W3YWY5OOIFE7AUG7QOK7MITBV432FWCU5UPZKKVGE",18,2,0.8,838423,1048029,1886452,1.048029,1.886452
414383,"AO576LG7T3WPCVJG5XHHOG47527PR6GOEJTS6GUGKA6AEW7VC7PVUWEB5Y","U3JFLNF55P4X2GTISLPD2DEBEXHJCG6EK7FX4EPCP4WBFRHEX3KUEMLYKE","62TIVJSZOS4DRSSYYDDZELQAGFYQC5JWKCHRBPPYKTZN2OOOXTGLB5ZJ4E",1730073600,"CLU3XZM2N2NUXXDZWMLZF4KUYP3MQFKVBCOZIMTY576K2ZUFV4XTSIUGIM",18,2,0.8,839941,1049926,1889867,1.049926,1.889867
414375,"NX3BJ36RLRBBSQPPBBNYNGD6554X5ISUFJYDIQUGL5PVWR6BJU2VZYMCLE","U3JFLNF55P4X2GTISLPD2DEBEXHJCG6EK7FX4EPCP4WBFRHEX3KUEMLYKE","62TIVJSZOS4DRSSYYDDZELQAGFYQC5JWKCHRBPPYKTZN2OOOXTGLB5ZJ4E",1730073600,"VBJ5MG2ZY3COYXXBIRU53H2BR36R62SCU5HJ5PNYHYXPPZTNDW2UOBYI2Q",18,2,0.8,838423,1048029,1886452,1.048029,1.886452
414368,"25ITQ2ILDAWAHFCG44VB34EEQFUVVHGZXP4F4WX4Q5NPC3FXQKB7BX2OSU","U3JFLNF55P4X2GTISLPD2DEBEXHJCG6EK7FX4EPCP4WBFRHEX3KUEMLYKE","62TIVJSZOS4DRSSYYDDZELQAGFYQC5JWKCHRBPPYKTZN2OOOXTGLB5ZJ4E",1730073600,"AXBEUIAFXPW67VJBFYWK5SVW2D6KVMP4FPKCGVNXO7KU57HG4JLWLYJUFE",18,2,0.8,841458,1051823,1893281,1.051823,1.893281
414361,"A57U5JKVIBEEWOWKW5AZ7GE5GPHY2LAPZEILFHNVDHLUB3UWGU4IZFV7MY","U3JFLNF55P4X2GTISLPD2DEBEXHJCG6EK7FX4EPCP4WBFRHEX3KUEMLYKE","62TIVJSZOS4DRSSYYDDZELQAGFYQC5JWKCHRBPPYKTZN2OOOXTGLB5ZJ4E",1730073600,"PHDBX3Q5ESK3HH7MNP3RFUCC32EIKO2P5S4US2KOAFC3GWDIEPDQZCLWWA",18,2,0.8,841458,1051823,1893281,1.051823,1.893281
414354,"UHGTPISN4L7UPZO3XFM7ZAUJN64YNC25MP3XPDOOMNHZU5FLKGKDETPSVE","U3JFLNF55P4X2GTISLPD2DEBEXHJCG6EK7FX4EPCP4WBFRHEX3KUEMLYKE","62TIVJSZOS4DRSSYYDDZELQAGFYQC5JWKCHRBPPYKTZN2OOOXTGLB5ZJ4E",1730073600,"OAMOASXGAWVE54ELGIMEMZLKFV4DGXLPVRXNHALCC7TKXRYV5TDHV45U3U",18,2,0.8,841458,1051823,1893281,1.051823,1.893281
414347,"56WFOM3XYLTFKBOEFR4OGS2HOMPLLGCNSPJ26BTMCRIIWKY7KAT2CNX7FM","U3JFLNF55P4X2GTISLPD2DEBEXHJCG6EK7FX4EPCP4WBFRHEX3KUEMLYKE","62TIVJSZOS4DRSSYYDDZELQAGFYQC5JWKCHRBPPYKTZN2OOOXTGLB5ZJ4E",1730073600,"G2B3FRK2IBA3T3MEY33BHT2B5NDMCX7KCEKDHD7MG23ATSIGGUVXG342M4",18,2,0.8,841458,1051823,1893281,1.051823,1.893281
414340,"XTNYKFKHJWDCLLDBAIVQJSIYVQFVLLP6YTUVL22WK3JJVOCXCAFY7UEOVQ","U3JFLNF55P4X2GTISLPD2DEBEXHJCG6EK7FX4EPCP4WBFRHEX3KUEMLYKE","62TIVJSZOS4DRSSYYDDZELQAGFYQC5JWKCHRBPPYKTZN2OOOXTGLB5ZJ4E",1730073600,"6MCVJM4CVER5UBFF7J2Z4JPRODKSTB4AL4PPEIA3GLTNXFRD72ZLBJL5KY",18,2,0.8,841458,1051823,1893281,1.051823,1.893281
414333,"UMC3XTWYEZRRJLHYCJVKKP3CZJM2C3CRU5D4RVKPDLLSVS2IEU2DXHUXOQ","U3JFLNF55P4X2GTISLPD2DEBEXHJCG6EK7FX4EPCP4WBFRHEX3KUEMLYKE","62TIVJSZOS4DRSSYYDDZELQAGFYQC5JWKCHRBPPYKTZN2OOOXTGLB5ZJ4E",1730073600,"FKEPSFEBZT5WVJPO6QBGMB2MLIIIVCG7OWXD2OELSPZ3MURLMNH5U4F6QU",18,2,0.8,841458,1051823,1893281,1.051823,1.893281
414326,"4BCZJWDTMHVYOLXDVMZJ2KPC4LPCYXNRDJAHZN25PUR2FZVHBZBMIU2OK4","U3JFLNF55P4X2GTISLPD2DEBEXHJCG6EK7FX4EPCP4WBFRHEX3KUEMLYKE","62TIVJSZOS4DRSSYYDDZELQAGFYQC5JWKCHRBPPYKTZN2OOOXTGLB5ZJ4E",1730073600,"BM7PNIEAFRPDLXFNXH6GXCJL5CUK2KK737MULHCPS3EZMSXJXIMBERU4G4",18,2,0.8,841458,1051823,1893281,1.051823,1.893281
414319,"WWK64B5LSXWHRXXR542F7R6DUX2ANVNV2YYIA2I25MVKYHFQDUBEFYTFMY","U3JFLNF55P4X2GTISLPD2DEBEXHJCG6EK7FX4EPCP4WBFRHEX3KUEMLYKE","62TIVJSZOS4DRSSYYDDZELQAGFYQC5JWKCHRBPPYKTZN2OOOXTGLB5ZJ4E",1730073600,"2NDPROS56QAQGE3IEDLEAAOSLPEBXS2TRXK2VV6F53MVPCQ2N4EYBNUW3A",18,2,0.8,841458,1051823,1893281,1.051823,1.893281
414312,"6WPZIRUWC6HWRD4HY5C5JHJ2W6PXZDVAUDQP5P2JHU6GQ4NTKWNTIKGWZE","U3JFLNF55P4X2GTISLPD2DEBEXHJCG6EK7FX4EPCP4WBFRHEX3KUEMLYKE","62TIVJSZOS4DRSSYYDDZELQAGFYQC5JWKCHRBPPYKTZN2OOOXTGLB5ZJ4E",1730073600,"7YPOUOA4L7QQPOYXRGJFYSTJAEX36COYOY2HOLKXQJCSBSJUM3YL27CEG4",18,2,0.8,841458,1051823,1893281,1.051823,1.893281
414305,"AO3KEATLM34CIDZIBBRUEBB7XDJRFX47K657NWVIRNXVNPVUZM74VHAXQI","U3JFLNF55P4X2GTISLPD2DEBEXHJCG6EK7FX4EPCP4WBFRHEX3KUEMLYKE","62TIVJSZOS4DRSSYYDDZELQAGFYQC5JWKCHRBPPYKTZN2OOOXTGLB5ZJ4E",1730073600,"K3YZGFR33L43WKYLICHND6NJXZDSJOSCGFXARXZALUDPZO3CZNFDYVGMCQ",18,2,0.8,839941,1049926,1889867,1.049926,1.889867
414298,"FTI7FSIFNGOYQGVB254BJCUVH7A7HCPWE67G6ZFZNPJWPHDDIKOYGWLU74","U3JFLNF55P4X2GTISLPD2DEBEXHJCG6EK7FX4EPCP4WBFRHEX3KUEMLYKE","62TIVJSZOS4DRSSYYDDZELQAGFYQC5JWKCHRBPPYKTZN2OOOXTGLB5ZJ4E",1730073600,"VEPBMF75DBJSSOPYEF2HQEXB4OPRB3NNSWVIC7O5J4XKJFA5XLM3G7T2U4",18,2,0.8,839941,1049926,1889867,1.049926,1.889867
414291,"XQAFCR3EBLXXF7HVLVBQ4JNLAASPXNT6N57NUBO2Y6CTVJEJUC4LGQAMOY","U3JFLNF55P4X2GTISLPD2DEBEXHJCG6EK7FX4EPCP4WBFRHEX3KUEMLYKE","62TIVJSZOS4DRSSYYDDZELQAGFYQC5JWKCHRBPPYKTZN2OOOXTGLB5ZJ4E",1730073600,"CPFM4EJEWDHLTO4ELSRVQOILAEWYYHYA4LOXKUVKYDMTBSJ3SXFG55GRFE",18,2,0.8,839941,1049926,1889867,1.049926,1.889867
414284,"H3NYIZ5PHJPLD75V247645UIOT6EZVH6XTOK7IGFXWZ3JH4YEHM2ZD4FOY","U3JFLNF55P4X2GTISLPD2DEBEXHJCG6EK7FX4EPCP4WBFRHEX3KUEMLYKE","62TIVJSZOS4DRSSYYDDZELQAGFYQC5JWKCHRBPPYKTZN2OOOXTGLB5ZJ4E",1730073600,"4QCBINE4ST5BNGZ6MHTEIQ4X2LRQFW57F335W2NKTU4PA7ZTTQL5DYNRHA",18,2,0.8,839941,1049926,1889867,1.049926,1.889867
414277,"FIS245CCC65ER5ZKRXUKJY2FAPDPIGF5AQZQUNVK6KDQMQQE2BH7355ZSU","U3JFLNF55P4X2GTISLPD2DEBEXHJCG6EK7FX4EPCP4WBFRHEX3KUEMLYKE","62TIVJSZOS4DRSSYYDDZELQAGFYQC5JWKCHRBPPYKTZN2OOOXTGLB5ZJ4E",1730073600,"QVUTGPZHCUALFL3VZA2Q2USUASUZCQDD5G7HDCFBIXJET2IFCD36PFLSAU",18,2,0.8,838423,1048029,1886452,1.048029,1.886452
414270,"5FCTSDO7ZPP3RURQJIQJAWRPQV2NDUBEH72QAPCD3VSLDBVPYLQ6OTGR6U","U3JFLNF55P4X2GTISLPD2DEBEXHJCG6EK7FX4EPCP4WBFRHEX3KUEMLYKE","62TIVJSZOS4DRSSYYDDZELQAGFYQC5JWKCHRBPPYKTZN2OOOXTGLB5ZJ4E",1730073600,"VERAZQ5XSMRNSGREQLH7RY2FOXHYYZUQ6QL3SOJAD7HF7MR64N4476SGSE",18,2,0.8,838423,1048029,1886452,1.048029,1.886452
414263,"A54WA7YOAMK5FXAL5MQZHI6HZXVEJRVGK3HCOKW457WVNY7BCMI2I4VMY4","U3JFLNF55P4X2GTISLPD2DEBEXHJCG6EK7FX4EPCP4WBFRHEX3KUEMLYKE","62TIVJSZOS4DRSSYYDDZELQAGFYQC5JWKCHRBPPYKTZN2OOOXTGLB5ZJ4E",1730073600,"AWMY2MNDLJ25LCIPXVSSRJJXIGEKE6OMRJOMT2V4S6APEVPIF5J2D4VOAM",18,2,0.8,838423,1048029,1886452,1.048029,1.886452
414256,"CAX57OAKNDYIUS56GXXX3SZ4QPP2WJ3S7JBS4TKZOPMDI7QVSTVNZ5X6FQ","U3JFLNF55P4X2GTISLPD2DEBEXHJCG6EK7FX4EPCP4WBFRHEX3KUEMLYKE","62TIVJSZOS4DRSSYYDDZELQAGFYQC5JWKCHRBPPYKTZN2OOOXTGLB5ZJ4E",1730073600,"SPOYPAL5ZBWAIR72RXUAJMDUO6CO5X7KIM5OPAGXFB6KDR37X2WJ2JMM5M",18,2,0.8,838423,1048029,1886452,1.048029,1.886452
414249,"VRZRZNKYIDFW2SDNP4ZBMWRLGDTVKAVORCJD6N2QPS2FIYI5TBDPYREOCA","U3JFLNF55P4X2GTISLPD2DEBEXHJCG6EK7FX4EPCP4WBFRHEX3KUEMLYKE","62TIVJSZOS4DRSSYYDDZELQAGFYQC5JWKCHRBPPYKTZN2OOOXTGLB5ZJ4E",1730073600,"6MTYR5W7G74HT555ZDOKB4ZJQXPXN7MU24IXTX6CIVSW3S533OQMCWVVXE",18,2,0.8,838423,1048029,1886452,1.048029,1.886452
414242,"HYTU75CV7ANX7N5O3BXSZ6VSXQLVUOLZLYOQWPH2JKK7FMGP6QHARNT4EE","U3JFLNF55P4X2GTISLPD2DEBEXHJCG6EK7FX4EPCP4WBFRHEX3KUEMLYKE","62TIVJSZOS4DRSSYYDDZELQAGFYQC5JWKCHRBPPYKTZN2OOOXTGLB5ZJ4E",1730073600,"KMSMR4RRFPZUXL7NJYWGS2I5TCVTFHB3IWHSQ5TODOYLGZPMG4BHZYOTAY",18,2,0.8,838423,1048029,1886452,1.048029,1.886452
414235,"JMZYHSYYYXUL56FHVL5QTE26CLX3YHX3J4T43MCU42EOSBGHIASNTHY6H4","U3JFLNF55P4X2GTISLPD2DEBEXHJCG6EK7FX4EPCP4WBFRHEX3KUEMLYKE","62TIVJSZOS4DRSSYYDDZELQAGFYQC5JWKCHRBPPYKTZN2OOOXTGLB5ZJ4E",1730073600,"S7JITOGNODYWEJDX5JPROVIF4UZ5VMV54AH6GWTWLXOWFYGUKN6EO77UGI",18,2,0.8,841458,1051823,1893281,1.051823,1.893281
414228,"VKP4KMNNY7DSARNXLAW2ZKOMMWBPCWL3IW4N3ODEBGQRMDETR2Q7GJOKC4","U3JFLNF55P4X2GTISLPD2DEBEXHJCG6EK7FX4EPCP4WBFRHEX3KUEMLYKE","62TIVJSZOS4DRSSYYDDZELQAGFYQC5JWKCHRBPPYKTZN2OOOXTGLB5ZJ4E",1730073600,"DUD6PHICO4IX7VXNGUTNA5RKPPZOJLLZBYNQ5FWMIDYMDEIATP47KWIGOM",18,2,0.8,841458,1051823,1893281,1.051823,1.893281
414221,"43VKC5AF4KLQKTBRGYEPPOKZZZYIBHCCHUVLWRRMXNRY6EEA2L7KUMVKPU","U3JFLNF55P4X2GTISLPD2DEBEXHJCG6EK7FX4EPCP4WBFRHEX3KUEMLYKE","62TIVJSZOS4DRSSYYDDZELQAGFYQC5JWKCHRBPPYKTZN2OOOXTGLB5ZJ4E",1730073600,"ASPYS5UXEDKTLZQ7PVTKQRXP7BI2OHZNE6RCV42FUEBTCZV6M24IINIEHE",18,2,0.8,841458,1051823,1893281,1.051823,1.893281
414214,"E7QXEPXTWECMH6PGQCHCHYJFD23I3HDFGQ3WHKFUOK62DQSBJHNYI4JZ7I","U3JFLNF55P4X2GTISLPD2DEBEXHJCG6EK7FX4EPCP4WBFRHEX3KUEMLYKE","62TIVJSZOS4DRSSYYDDZELQAGFYQC5JWKCHRBPPYKTZN2OOOXTGLB5ZJ4E",1730073600,"KRVOFFJE2QUN7WDGMUVKQMRT7DLTGMXV5KUUB73GMNSO4BO5BWNDPTWDKQ",18,2,0.8,841458,1051823,1893281,1.051823,1.893281
414207,"WYSXA2MRAZCX7ZYKWTMP4XYZXL6V5ODPZ2G6ARTRIB5QCIUWNIRUTQLQOQ","U3JFLNF55P4X2GTISLPD2DEBEXHJCG6EK7FX4EPCP4WBFRHEX3KUEMLYKE","62TIVJSZOS4DRSSYYDDZELQAGFYQC5JWKCHRBPPYKTZN2OOOXTGLB5ZJ4E",1730073600,"R2ZQ3PGMSSZWWKJQZJWOWPYQX4BGLPUEXYVWF4WFZ27WWS23PLG4UV556Q",18,2,0.8,841458,1051823,1893281,1.051823,1.893281
414199,"CN7ZWLDOSXZCG2XY4HTL4UYEJLXS75POWXP7EVVWHVHCNG7LOOH5PVNDFA","U3JFLNF55P4X2GTISLPD2DEBEXHJCG6EK7FX4EPCP4WBFRHEX3KUEMLYKE","62TIVJSZOS4DRSSYYDDZELQAGFYQC5JWKCHRBPPYKTZN2OOOXTGLB5ZJ4E",1730073600,"FAXYZBT4OMKKW7D2HK2OWOEFCDKVJN5AHLQX5LRXA4HYZ7WJ7YPXC4TNY4",18,2,0.8,841458,1051823,1893281,1.051823,1.893281
414192,"YZHVR7ZFAGIRAK4OSE2RTID5RNTC7SNU47OJVGNWGXVQ2U2VQ5RJV4ZCCQ","U3JFLNF55P4X2GTISLPD2DEBEXHJCG6EK7FX4EPCP4WBFRHEX3KUEMLYKE","62TIVJSZOS4DRSSYYDDZELQAGFYQC5JWKCHRBPPYKTZN2OOOXTGLB5ZJ4E",1730073600,"PQ2GB6VFY2L3QSFAUT2XNUFIRUTBHSP4AJMA2VZQWC4G5YINI7NLQXXVPQ",18,2,0.8,841458,1051823,1893281,1.051823,1.893281
414185,"6YL3O2ARHUOLQEHMSMSLKYKCEJZ5MZXBIXS6RCWYBZNOBXUAWRREEOZBRA","U3JFLNF55P4X2GTISLPD2DEBEXHJCG6EK7FX4EPCP4WBFRHEX3KUEMLYKE","62TIVJSZOS4DRSSYYDDZELQAGFYQC5JWKCHRBPPYKTZN2OOOXTGLB5ZJ4E",1730073600,"WVN2VDAQT3OBLRXBBYFOB3JATEDYHWB3HBFZFZOBWE3U2QEE4CKQT5AX7E",18,2,0.8,841458,1051823,1893281,1.051823,1.893281
414178,"KKN5HTX75EWPTGMCCACXWXPXYVE2J34TGAXF4PUQC4ENF46NO3CFHLJDTE","U3JFLNF55P4X2GTISLPD2DEBEXHJCG6EK7FX4EPCP4WBFRHEX3KUEMLYKE","62TIVJSZOS4DRSSYYDDZELQAGFYQC5JWKCHRBPPYKTZN2OOOXTGLB5ZJ4E",1730073600,"BLBS6OBNICR3ZFSM4AF5IKQA2O432THJK7MFIILV775WTBEB5C42KRHDVI",18,2,0.8,841458,1051823,1893281,1.051823,1.893281
414171,"6PAABZI7QSO5FTMBTWK5AC7FM2A3SOK2E6U74QLHVMAHQ3EDCOMAMUNNLY","U3JFLNF55P4X2GTISLPD2DEBEXHJCG6EK7FX4EPCP4WBFRHEX3KUEMLYKE","62TIVJSZOS4DRSSYYDDZELQAGFYQC5JWKCHRBPPYKTZN2OOOXTGLB5ZJ4E",1730073600,"I6JL5Z5QVLVENBKHTHNFT5UEYS2JVQT55Y26MDZZHFVN7ZJSXRCIICBNQ4",18,2,0.8,841458,1051823,1893281,1.051823,1.893281
414164,"R24JFRNRJM75KVMN3YGYQOCLR7MJ6L2DEIJNUWLGXVOCMZ5J7MK7LEEQEM","U3JFLNF55P4X2GTISLPD2DEBEXHJCG6EK7FX4EPCP4WBFRHEX3KUEMLYKE","62TIVJSZOS4DRSSYYDDZELQAGFYQC5JWKCHRBPPYKTZN2OOOXTGLB5ZJ4E",1730073600,"LEMWN3QJSSH7X74WYJTNH46VPTOZZUBUAGPKJIGRBULMRRPPHSCASSOAQQ",18,2,0.8,841458,1051823,1893281,1.051823,1.893281
414157,"6WGZUWABWNVY3NLMINKSCB4R4G2GHSXEQITFRJWQKIP5VQ4QE3J5HKPJVQ","U3JFLNF55P4X2GTISLPD2DEBEXHJCG6EK7FX4EPCP4WBFRHEX3KUEMLYKE","62TIVJSZOS4DRSSYYDDZELQAGFYQC5JWKCHRBPPYKTZN2OOOXTGLB5ZJ4E",1730073600,"ES7Q3OB4SOGW27EUA2EM3BW2CLLWLY4CH5FGMN7K2UP2D44UGD24HK7YBQ",18,2,0.8,841458,1051823,1893281,1.051823,1.893281
414150,"CUFWHXA5UFXWGSZMKI63Z5SDSTPQAJSCIMCN3VRROF4FRVKUFMVJ25ILFM","U3JFLNF55P4X2GTISLPD2DEBEXHJCG6EK7FX4EPCP4WBFRHEX3KUEMLYKE","62TIVJSZOS4DRSSYYDDZELQAGFYQC5JWKCHRBPPYKTZN2OOOXTGLB5ZJ4E",1730073600,"HG4E6WI4ZB34VUHJIS2X6NTZQW7HSKN3NEHRKM2DD7XFGJ2PRKPQBC63RQ",18,2,0.8,841458,1051823,1893281,1.051823,1.893281
414143,"CQTIV3N6EDJ37ADSV672WN3ARKBQVVQWQ5DCLDF77N57T32C7EMZDNLIXM","U3JFLNF55P4X2GTISLPD2DEBEXHJCG6EK7FX4EPCP4WBFRHEX3KUEMLYKE","62TIVJSZOS4DRSSYYDDZELQAGFYQC5JWKCHRBPPYKTZN2OOOXTGLB5ZJ4E",1730073600,"UAP3QEUT5JXDOZ4JNPGDDJRDNXJHICLXBYTMLHXKTW2E44W2XNZ3IAWFPI",18,2,0.8,841458,1051823,1893281,1.051823,1.893281
414136,"JVTBTDOPRC2KZX5IM6C4HAYQNX5RI4HODO5CWQYNNWJ4XSLK4SQV3BL6RE","U3JFLNF55P4X2GTISLPD2DEBEXHJCG6EK7FX4EPCP4WBFRHEX3KUEMLYKE","62TIVJSZOS4DRSSYYDDZELQAGFYQC5JWKCHRBPPYKTZN2OOOXTGLB5ZJ4E",1730073600,"KM3AWR4QPNIQC2ECWZ7VTNR2SFH33R7F2MRYM5LAZEGJJALV5PFDXUP3JA",18,2,0.8,841458,1051823,1893281,1.051823,1.893281
414129,"UPRKZWZN5P3JUZFLCSDJGMPZTQQD2KBJ5GWWZ35223NPQNUREJAFXXXVWM","U3JFLNF55P4X2GTISLPD2DEBEXHJCG6EK7FX4EPCP4WBFRHEX3KUEMLYKE","62TIVJSZOS4DRSSYYDDZELQAGFYQC5JWKCHRBPPYKTZN2OOOXTGLB5ZJ4E",1730073600,"TW4IHS7GOVG22OHFEXUJVHYTZ4HKIID7S4N5CGKSZBAKO3Z5RLPLIFD2CE",18,2,0.8,838423,1048029,1886452,1.048029,1.886452
414122,"WXPIDTENP2HKUT6VTGHASR7GETKXKYPV4BHVDVLDQRUABOY2CFSDX5VU7E","U3JFLNF55P4X2GTISLPD2DEBEXHJCG6EK7FX4EPCP4WBFRHEX3KUEMLYKE","62TIVJSZOS4DRSSYYDDZELQAGFYQC5JWKCHRBPPYKTZN2OOOXTGLB5ZJ4E",1730073600,"K6LEIVGLM3TK7NDZNLV5GG4BLBSP5XDMTGV4QHCASCLOQSXGGXSSRHLBUA",18,2,0.8,838423,1048029,1886452,1.048029,1.886452
414115,"7RKSXMYBA7R7TZQRZ7IP355R442UWSIGRA2FD23HEQCIEY535ENBHWE75Q","U3JFLNF55P4X2GTISLPD2DEBEXHJCG6EK7FX4EPCP4WBFRHEX3KUEMLYKE","62TIVJSZOS4DRSSYYDDZELQAGFYQC5JWKCHRBPPYKTZN2OOOXTGLB5ZJ4E",1730073600,"NBXLZN4PFLN26AJRBQFQSCDVQRM6645ENTHCYHX4ZQZXRP7BDOZ2M3U7PU",18,2,0.8,838423,1048029,1886452,1.048029,1.886452
414108,"NQHTWEEZ5U5LOYZ7BVOINTCRHFJG5K345D577LM37JDZOC4RJJIJVY2IVM","U3JFLNF55P4X2GTISLPD2DEBEXHJCG6EK7FX4EPCP4WBFRHEX3KUEMLYKE","62TIVJSZOS4DRSSYYDDZELQAGFYQC5JWKCHRBPPYKTZN2OOOXTGLB5ZJ4E",1730073600,"JGNHX4MFGPUWYNNRR4IYVWESQOGDKZZCCYAGRJHSZUPDZFNBCIIVILHYQE",18,2,0.8,838423,1048029,1886452,1.048029,1.886452
414101,"QS625BXWNRJQ24SMQ6YKY5KSX52VCE42UJRW4A4SHUVUNJ7J3N6D2WWKDA","U3JFLNF55P4X2GTISLPD2DEBEXHJCG6EK7FX4EPCP4WBFRHEX3KUEMLYKE","62TIVJSZOS4DRSSYYDDZELQAGFYQC5JWKCHRBPPYKTZN2OOOXTGLB5ZJ4E",1730073600,"MNYVSLZ6VMP6M2YHFICB26IBQVX4KPBUCTK6BF56ST5E55ULWSHT3WX36Y",18,2,0.8,838423,1048029,1886452,1.048029,1.886452
414094,"SQN4YONQVK2T7ARLGXN6X5DO24WWQGLBQSPSKK2RINN5CAWDVSJZUGEO24","U3JFLNF55P4X2GTISLPD2DEBEXHJCG6EK7FX4EPCP4WBFRHEX3KUEMLYKE","62TIVJSZOS4DRSSYYDDZELQAGFYQC5JWKCHRBPPYKTZN2OOOXTGLB5ZJ4E",1730073600,"W4SH627WSQCB4OPBBLGCFHMVCD27S2OE5MMAXWUUWWJN6LWPJXOGN7FPLA",18,2,0.8,841458,1051823,1893281,1.051823,1.893281
414087,"IBB26Q6NM6XR66ZXGDJLGRB3W2ADDLGHFIHVYGJXIORGSFWHYXDQMG36MA","U3JFLNF55P4X2GTISLPD2DEBEXHJCG6EK7FX4EPCP4WBFRHEX3KUEMLYKE","62TIVJSZOS4DRSSYYDDZELQAGFYQC5JWKCHRBPPYKTZN2OOOXTGLB5ZJ4E",1730073600,"R7EHO4ZO5QUARNWHK5DLEKL2MFSCAKRORTWNS67METUCBE2GCE34U2ZMNA",18,2,0.8,841458,1051823,1893281,1.051823,1.893281
414080,"UQSBMAK2FDKKMN7H4LXOBTQNH3EOIM23WIRHW3A3LIJ4JRVODQM7HBKXA4","U3JFLNF55P4X2GTISLPD2DEBEXHJCG6EK7FX4EPCP4WBFRHEX3KUEMLYKE","62TIVJSZOS4DRSSYYDDZELQAGFYQC5JWKCHRBPPYKTZN2OOOXTGLB5ZJ4E",1730073600,"H2PPAZRH7N3FSSR5XHNCRKPB3HLLP2ZNGEJKEWEXZD7MKHPEYEFXUB4EA4",18,2,0.8,841458,1051823,1893281,1.051823,1.893281
414073,"VCTOAK3DYZ4YOWKDUOXNPUOVCHMC4TMVVUME5XHQBFCEGBUI73G5GFXVFI","U3JFLNF55P4X2GTISLPD2DEBEXHJCG6EK7FX4EPCP4WBFRHEX3KUEMLYKE","62TIVJSZOS4DRSSYYDDZELQAGFYQC5JWKCHRBPPYKTZN2OOOXTGLB5ZJ4E",1730073600,"UUIBWFXHUIX3TN7UI4GW7UCATGLRYOS7PYGMVSLZOZZPINEY7BVDTHIAIM",18,2,0.8,841458,1051823,1893281,1.051823,1.893281
414066,"DTMMYDEA7I3OSMK4TLUA4V3AQJG6B4OZ5WL2YEH4QM6PH6NGLIOOGG4SSM","U3JFLNF55P4X2GTISLPD2DEBEXHJCG6EK7FX4EPCP4WBFRHEX3KUEMLYKE","62TIVJSZOS4DRSSYYDDZELQAGFYQC5JWKCHRBPPYKTZN2OOOXTGLB5ZJ4E",1730073600,"RTU2QGAKLNKTNOYJKV4QGQJKS7YIAAHPEPUQ2LB2GTGFAANKSLRYXYYDXY",18,2,0.8,841458,1051823,1893281,1.051823,1.893281
414058,"OUNW4DV6QKUCN77KQVV6EK4XWMUC42ZOB6RL3I7PRZIC4HXPXOMBDMZFGI","U3JFLNF55P4X2GTISLPD2DEBEXHJCG6EK7FX4EPCP4WBFRHEX3KUEMLYKE","62TIVJSZOS4DRSSYYDDZELQAGFYQC5JWKCHRBPPYKTZN2OOOXTGLB5ZJ4E",1730073600,"YAHUESCELHEX2H243JXIFJXQO2QIVS6YNWQEEL66AAEKKH6URVH3545SXQ",18,2,0.8,841458,1051823,1893281,1.051823,1.893281
414051,"3EZYHPWQRQ7G2QEIAGFOJCKJRQGKCPCXVKOVCOLZ3TCDTVJW3G4CNMJ65I","U3JFLNF55P4X2GTISLPD2DEBEXHJCG6EK7FX4EPCP4WBFRHEX3KUEMLYKE","62TIVJSZOS4DRSSYYDDZELQAGFYQC5JWKCHRBPPYKTZN2OOOXTGLB5ZJ4E",1730073600,"XOKJSLHK75GGREIRD6LWX5MT4TRKZVD6V5QY7QVVLADAQBASMDAWDHNXNM",18,2,0.8,841458,1051823,1893281,1.051823,1.893281
414044,"5TEJHHH5PGJNAAVCJRZEYGHLHZG5BPA4H2SYRCF5RY5ARVA3MWE2CGKAZI","U3JFLNF55P4X2GTISLPD2DEBEXHJCG6EK7FX4EPCP4WBFRHEX3KUEMLYKE","62TIVJSZOS4DRSSYYDDZELQAGFYQC5JWKCHRBPPYKTZN2OOOXTGLB5ZJ4E",1730073600,"FOOEGXKMAWI7KDY26AYF5TO5JVGJZCYQBOAKIG2FQXC6F7G2RFFP6OLYWI",18,2,0.8,841458,1051823,1893281,1.051823,1.893281
414037,"7DZ7NWMV4RODFMFSXAQ5UUB4OWUYNWPURYHZ2AHD7L5ZCTP6LKMGHTVST4","U3JFLNF55P4X2GTISLPD2DEBEXHJCG6EK7FX4EPCP4WBFRHEX3KUEMLYKE","62TIVJSZOS4DRSSYYDDZELQAGFYQC5JWKCHRBPPYKTZN2OOOXTGLB5ZJ4E",1730073600,"SMNPS2IXDWD4766ESVXNWY4L3JVPCTSUNBBFB4MNFRKDCKBNJCBFPHAEY4",18,2,0.8,841458,1051823,1893281,1.051823,1.893281
414030,"AZLPJV54UZNIHRJ4GWN3BP5YMG7S5GFZM6R5LTS2GDRA4YGTZ3TEIP6QKU","U3JFLNF55P4X2GTISLPD2DEBEXHJCG6EK7FX4EPCP4WBFRHEX3KUEMLYKE","62TIVJSZOS4DRSSYYDDZELQAGFYQC5JWKCHRBPPYKTZN2OOOXTGLB5ZJ4E",1730073600,"MTRLAOOF2MIZ35YBYVYIGZLAI7Y4YHVXZFV6CYLH2RUJWA5GFO3N6U5A6A",18,2,0.8,841458,1051823,1893281,1.051823,1.893281
414023,"B6SCCB6C5SGQIRTF3REVZLTAOPMHUMVEMQBSHWMYVYJGCVHLIMEVURLZ2M","U3JFLNF55P4X2GTISLPD2DEBEXHJCG6EK7FX4EPCP4WBFRHEX3KUEMLYKE","62TIVJSZOS4DRSSYYDDZELQAGFYQC5JWKCHRBPPYKTZN2OOOXTGLB5ZJ4E",1730073600,"GA54SDOAB3SZCFEYKQLVFCQF2UE7QQIPBAV37SNTVGC7423N5CJMI2UD4Q",18,2,0.8,838423,1048029,1886452,1.048029,1.886452
414016,"QPIPCSDC6R5VOHXOUJSEHSR5BFV4LWSR7Y6I5K7YUSIWACWL7B64EA2MFY","U3JFLNF55P4X2GTISLPD2DEBEXHJCG6EK7FX4EPCP4WBFRHEX3KUEMLYKE","62TIVJSZOS4DRSSYYDDZELQAGFYQC5JWKCHRBPPYKTZN2OOOXTGLB5ZJ4E",1730073600,"GYBC2BFL6KJIPOXSGC5D32NYFX26SVJIHGU3SLAFKNOH34YG2SPYMEXE5Y",18,2,0.8,838423,1048029,1886452,1.048029,1.886452
414009,"5UNHZOIVGEGC3FPXWVIEQ777CQO3GK7U3HAJCLUQ43JGVPL7V3YOIACMJ4","U3JFLNF55P4X2GTISLPD2DEBEXHJCG6EK7FX4EPCP4WBFRHEX3KUEMLYKE","62TIVJSZOS4DRSSYYDDZELQAGFYQC5JWKCHRBPPYKTZN2OOOXTGLB5ZJ4E",1730073600,"66TKS2XK7THLT6BCPPK3PSHDPMPW5TSJEZ4VK77Y6R3BDDLCNYLNGFGJX4",18,2,0.8,838423,1048029,1886452,1.048029,1.886452
414002,"UJWN5VAWFGWP66HMCKGIVNMJ525R2SW7VNEDHQ4K4R62KBATTVU756M5IU","U3JFLNF55P4X2GTISLPD2DEBEXHJCG6EK7FX4EPCP4WBFRHEX3KUEMLYKE","62TIVJSZOS4DRSSYYDDZELQAGFYQC5JWKCHRBPPYKTZN2OOOXTGLB5ZJ4E",1730073600,"MNMTVS2PG23WPXNPZWOF5H7FHISLH4JIMCA2H5MW2IG55IUQYHD5NV7NTY",18,2,0.8,838423,1048029,1886452,1.048029,1.886452
413995,"UI4TG2HINK3VWJDVFZ5U5BUXOB3FNYHCBHPVXIOSLTE3TA5VLYOCJK5UMM","U3JFLNF55P4X2GTISLPD2DEBEXHJCG6EK7FX4EPCP4WBFRHEX3KUEMLYKE","62TIVJSZOS4DRSSYYDDZELQAGFYQC5JWKCHRBPPYKTZN2OOOXTGLB5ZJ4E",1730073600,"J2FASX2MY3F4XEM4TJGM2NPLIL7KQDRQU4JXJHAOO4VHZQWLTYWPIMJWYM",18,2,0.8,838423,1048029,1886452,1.048029,1.886452
413988,"SYXHW2XYMBELIBP3NSHSUVE6GGLKP4THDEBK3KJVDBWUZTV7TWLTQZGYGM","U3JFLNF55P4X2GTISLPD2DEBEXHJCG6EK7FX4EPCP4WBFRHEX3KUEMLYKE","62TIVJSZOS4DRSSYYDDZELQAGFYQC5JWKCHRBPPYKTZN2OOOXTGLB5ZJ4E",1730073600,"KS7SUV7SQ5CUZQC6YNKDX27MVVFGTO7L5JVJEJROZ76LW6UO26RQJSHQVM",18,2,0.8,838423,1048029,1886452,1.048029,1.886452
413981,"TSJKNJKOSPZB4GR6A53NBOX7RKSTOZEHBAENI423PQPGZG6NL5MWGKQPFA","U3JFLNF55P4X2GTISLPD2DEBEXHJCG6EK7FX4EPCP4WBFRHEX3KUEMLYKE","62TIVJSZOS4DRSSYYDDZELQAGFYQC5JWKCHRBPPYKTZN2OOOXTGLB5ZJ4E",1730073600,"UMZI5XWOK3WBLRRKXKF7HWYVOKMOLKTF64TSFKT7ZJJXLIS6PVFFVB7I5Y",18,2,0.8,841458,1051823,1893281,1.051823,1.893281
413974,"4R5AZ24HFFAATNGOJBIIVZ6BHUC5FCTJTK2DIBGUOWVJYP2RM453G35MQQ","U3JFLNF55P4X2GTISLPD2DEBEXHJCG6EK7FX4EPCP4WBFRHEX3KUEMLYKE","62TIVJSZOS4DRSSYYDDZELQAGFYQC5JWKCHRBPPYKTZN2OOOXTGLB5ZJ4E",1730073600,"OREC5PZIQ7HVS43U57TNPPLR66RIIVJ7XVCOCLT4TGXV74MUTSHHB2FWRY",18,2,0.8,841458,1051823,1893281,1.051823,1.893281
413967,"G7L63RJGKPGAOTFUKL5DULD3A25AW37JLMHD53IZCOOAOBANBEYL447QOQ","U3JFLNF55P4X2GTISLPD2DEBEXHJCG6EK7FX4EPCP4WBFRHEX3KUEMLYKE","62TIVJSZOS4DRSSYYDDZELQAGFYQC5JWKCHRBPPYKTZN2OOOXTGLB5ZJ4E",1730073600,"ZIFMFPPNW55TRTW5ITMPR4DOXYWMDTI42C7MYT4WQC2IRYN6FXVMQYTUDE",18,2,0.8,841458,1051823,1893281,1.051823,1.893281
413960,"5I6UR3RJNAS4X755VTHZSXALR4M6EDJ4WEY32ONXNNXQHJFH3BFIC2GZCI","U3JFLNF55P4X2GTISLPD2DEBEXHJCG6EK7FX4EPCP4WBFRHEX3KUEMLYKE","62TIVJSZOS4DRSSYYDDZELQAGFYQC5JWKCHRBPPYKTZN2OOOXTGLB5ZJ4E",1730073600,"NTQAZMJ3XBPJ3TR6NI6FMR2TALCG25MWWV6DNXKYCVNM7DSA4G7DDM3NTI",18,2,0.8,841458,1051823,1893281,1.051823,1.893281
413953,"2C4YJAJ7F75DVIN7HOARIEXKLQNVQIU4VN3SLHPKBGLA46RB4BJAVTF4FA","U3JFLNF55P4X2GTISLPD2DEBEXHJCG6EK7FX4EPCP4WBFRHEX3KUEMLYKE","62TIVJSZOS4DRSSYYDDZELQAGFYQC5JWKCHRBPPYKTZN2OOOXTGLB5ZJ4E",1730073600,"3N35ALXVNPGWSEXL55QZTKEF2HW4GGA3Z6TO3M2AH6Q6AKSPLEF36SWT5Y",18,2,0.8,841458,1051823,1893281,1.051823,1.893281
413946,"4MQOJPU77ZI5BZE2W2UPAVSWGTFBZBRI7ZCVKXNIN7NPKSK46M4CDNUQ3M","U3JFLNF55P4X2GTISLPD2DEBEXHJCG6EK7FX4EPCP4WBFRHEX3KUEMLYKE","62TIVJSZOS4DRSSYYDDZELQAGFYQC5JWKCHRBPPYKTZN2OOOXTGLB5ZJ4E",1730073600,"ZAOF7S4VLYDEGJKMMJ6RCPKDLNNMCB3MW6LCWWCJUE6NDX7YJIGZSSXDSI",18,2,0.8,838423,1048029,1886452,1.048029,1.886452
413939,"RT7PCBHOXTF4YD7T6IU4KPIK6MGINNZ2PFNM7FUWIEOLCFYME5J4ULOAEI","U3JFLNF55P4X2GTISLPD2DEBEXHJCG6EK7FX4EPCP4WBFRHEX3KUEMLYKE","62TIVJSZOS4DRSSYYDDZELQAGFYQC5JWKCHRBPPYKTZN2OOOXTGLB5ZJ4E",1730073600,"5VCWVC5AO7SKEBPK6EP5GDUCQ7KEMNXFGQH4Q7P5S5E6F37HWSIS3U3VYM",18,2,0.8,838423,1048029,1886452,1.048029,1.886452
413932,"464DCHGOCSG4YMOCW6KAN2M2V6JBJNVSFMXHLEUZBZLAZ5APBU2RLM4UFI","U3JFLNF55P4X2GTISLPD2DEBEXHJCG6EK7FX4EPCP4WBFRHEX3KUEMLYKE","62TIVJSZOS4DRSSYYDDZELQAGFYQC5JWKCHRBPPYKTZN2OOOXTGLB5ZJ4E",1730073600,"TXY3JA4EJFJBKUBFIMDAOMHW72JP4NZR6X25ORRNHV6KGSPFGZN3RGKFRU",18,2,0.8,838423,1048029,1886452,1.048029,1.886452
413925,"6WA7CFGHJFRVFRJPGKPVIB322ZT37BVPK6RYCK2KT67HSBHXEH47SIQXPE","U3JFLNF55P4X2GTISLPD2DEBEXHJCG6EK7FX4EPCP4WBFRHEX3KUEMLYKE","62TIVJSZOS4DRSSYYDDZELQAGFYQC5JWKCHRBPPYKTZN2OOOXTGLB5ZJ4E",1730073600,"4FLGMBSEO6FWI3Q4VSXD7ZW3YDEFGFR2VRR2NILYIN6JVPKTODR4SFJDXE",18,2,0.8,838423,1048029,1886452,1.048029,1.886452
413918,"XYF2DKNWZSP3B7LD7ZK76SFWEZJ6VO2U6QFFH3X6EG27ABWY5WDPZ7NEMQ","U3JFLNF55P4X2GTISLPD2DEBEXHJCG6EK7FX4EPCP4WBFRHEX3KUEMLYKE","62TIVJSZOS4DRSSYYDDZELQAGFYQC5JWKCHRBPPYKTZN2OOOXTGLB5ZJ4E",1730073600,"CINOBU6H6LIE6JHGFH75R6BUSCW2KGXJYOM73NF2BYSNFCXS6H26VWIRJY",18,2,0.8,838423,1048029,1886452,1.048029,1.886452
413911,"7YT3QJVZCJ6CBMXLMMDPQ5CCLRD5RCJVQUJK3RZPABCRCTPHGIVOUHPJZM","U3JFLNF55P4X2GTISLPD2DEBEXHJCG6EK7FX4EPCP4WBFRHEX3KUEMLYKE","62TIVJSZOS4DRSSYYDDZELQAGFYQC5JWKCHRBPPYKTZN2OOOXTGLB5ZJ4E",1730073600,"A3LKHS5S3SIH4MNPT2DYLXRNEIWEJGOMQNAC5WFIHGOPB2V344KPMNQ56E",18,2,0.8,838423,1048029,1886452,1.048029,1.886452
413903,"2T4N3AWFXF4C6G7LYP2ZLBJVYAVZJO5QQHWD7RHRQMODORK7UY77HQFL6I","U3JFLNF55P4X2GTISLPD2DEBEXHJCG6EK7FX4EPCP4WBFRHEX3KUEMLYKE","62TIVJSZOS4DRSSYYDDZELQAGFYQC5JWKCHRBPPYKTZN2OOOXTGLB5ZJ4E",1730073600,"JBBCZ2DZPITE23BPBHUI2XF2QEBMOEKOZTZUWPCHQERZ3N6AE2UQBFTRF4",18,2,0.8,838423,1048029,1886452,1.048029,1.886452
413896,"YS7R4EOG4II3BTHSMRBXFI5IDL5AAPNNCJ6FDC67EPCVKEACIB5AN5MCA4","U3JFLNF55P4X2GTISLPD2DEBEXHJCG6EK7FX4EPCP4WBFRHEX3KUEMLYKE","62TIVJSZOS4DRSSYYDDZELQAGFYQC5JWKCHRBPPYKTZN2OOOXTGLB5ZJ4E",1730073600,"UHJCDYUSSBBZWLE5DSJJP674JDSHQAICX75GSRTWXQAMNKS3SLRVPITF7E",18,2,0.8,841458,1051823,1893281,1.051823,1.893281
413889,"IW3WUL3OEYNGXTM46FYNPF7NHBESAMSAAD5DJ44OHU6UHVTF7OGWIP2XVA","U3JFLNF55P4X2GTISLPD2DEBEXHJCG6EK7FX4EPCP4WBFRHEX3KUEMLYKE","62TIVJSZOS4DRSSYYDDZELQAGFYQC5JWKCHRBPPYKTZN2OOOXTGLB5ZJ4E",1730073600,"RRVEUY2IWDT2U3WIWBG7IJ342JYEGSD5O7PA76P2HAW2P36OXC5UA66DA4",18,2,0.8,838423,1048029,1886452,1.048029,1.886452
413882,"VC3ZHPYWZPHFFKHEBWSHKUEROLC7IMCL26CFZWHZAI3Z2LLN2UGF4NTDDI","U3JFLNF55P4X2GTISLPD2DEBEXHJCG6EK7FX4EPCP4WBFRHEX3KUEMLYKE","62TIVJSZOS4DRSSYYDDZELQAGFYQC5JWKCHRBPPYKTZN2OOOXTGLB5ZJ4E",1730073600,"EPVWSP5XHQDBS6HL3JVXWGYC7TNXXKUTZCHQC4Q2SVUGBVVGEWUS65ZU4M",18,2,0.8,838423,1048029,1886452,1.048029,1.886452
413875,"I4UIJIGRZKLUQICY5DEVFL3XO4MKNWD36H7H5GCMSR2K2N4M5RHYRTXCKA","U3JFLNF55P4X2GTISLPD2DEBEXHJCG6EK7FX4EPCP4WBFRHEX3KUEMLYKE","62TIVJSZOS4DRSSYYDDZELQAGFYQC5JWKCHRBPPYKTZN2OOOXTGLB5ZJ4E",1730073600,"KR4TZ2UFL63PXVJIZHNSA5ISNAWXIJ4MJFWRPW5TA4ITXKMPNOC3DZ4WRI",18,2,0.8,838423,1048029,1886452,1.048029,1.886452
413868,"32BGR5SEQX73TVXM4HJKBJ4M4LEPEN7NB5QLY5XP3WVIP37QAXEPIIBCCA","U3JFLNF55P4X2GTISLPD2DEBEXHJCG6EK7FX4EPCP4WBFRHEX3KUEMLYKE","62TIVJSZOS4DRSSYYDDZELQAGFYQC5JWKCHRBPPYKTZN2OOOXTGLB5ZJ4E",1730073600,"HCI4EZ5JX75A5LQCV4WXISHGTQ5EKQN5CYIEPPUITMVSRKW4QR7T76RUEQ",18,2,0.8,838423,1048029,1886452,1.048029,1.886452
413861,"H272IQPSON5M7VQ5AH2J4RY2BREH5AJDTPEX3XI556N4KJGE2M2VZJWSIE","U3JFLNF55P4X2GTISLPD2DEBEXHJCG6EK7FX4EPCP4WBFRHEX3KUEMLYKE","62TIVJSZOS4DRSSYYDDZELQAGFYQC5JWKCHRBPPYKTZN2OOOXTGLB5ZJ4E",1730073600,"GH5I3GAOU6COBQMJNBWTRBC4ANYEDXR7JZCBRFU3O6OTP3ISRLM5A6YNOI",18,2,0.8,838423,1048029,1886452,1.048029,1.886452
413854,"AOANJY45OSZTWXP6TO75C7M4HV2FK5WFIB4AS53Z73G3NPFNBNBUBPDZJQ","U3JFLNF55P4X2GTISLPD2DEBEXHJCG6EK7FX4EPCP4WBFRHEX3KUEMLYKE","62TIVJSZOS4DRSSYYDDZELQAGFYQC5JWKCHRBPPYKTZN2OOOXTGLB5ZJ4E",1730073600,"LULSWWS5GM5YD5DAWAINVZVEBLA6AZHZMJRC3V5SJDYMCVGYNS5LNSV6O4",18,2,0.8,841458,1051823,1893281,1.051823,1.893281
413847,"HYWATR3BZAQTAKY2QR3APVXOHRFA5BX35HDUARSHB2QGQG5P7FZ64U25MM","U3JFLNF55P4X2GTISLPD2DEBEXHJCG6EK7FX4EPCP4WBFRHEX3KUEMLYKE","62TIVJSZOS4DRSSYYDDZELQAGFYQC5JWKCHRBPPYKTZN2OOOXTGLB5ZJ4E",1730073600,"CTD4FO6HKHSXJB5OCCJCYDR7AZEH7ALOMYXUVIH6JLFWFP3U6GRFOEKAAY",18,2,0.8,841458,1051823,1893281,1.051823,1.893281
413840,"5ZRZTL5BIIGE4ASKXJN3F25UK3Z3QQJXIEEFWQM4QUXRUXHZ3BH7VMYFFE","U3JFLNF55P4X2GTISLPD2DEBEXHJCG6EK7FX4EPCP4WBFRHEX3KUEMLYKE","62TIVJSZOS4DRSSYYDDZELQAGFYQC5JWKCHRBPPYKTZN2OOOXTGLB5ZJ4E",1730073600,"ROZP5VN3VNOYXBM2GMETFZJLZDVR5F5NHQT4C3DZ7FUZQABB33WHWPRHYE",18,2,0.8,841458,1051823,1893281,1.051823,1.893281
413833,"CER7SHSJSWKZ7445BJC35X3YIRKH3B3QRO2BCGFKYKYCIDVZYKM3GU2R6E","U3JFLNF55P4X2GTISLPD2DEBEXHJCG6EK7FX4EPCP4WBFRHEX3KUEMLYKE","62TIVJSZOS4DRSSYYDDZELQAGFYQC5JWKCHRBPPYKTZN2OOOXTGLB5ZJ4E",1730073600,"NFZMXTA3ZKPLNIJXHN4UADGZJGEULGVKPZI76MM5QSS36DJP5EXX47EPFI",18,2,0.8,841458,1051823,1893281,1.051823,1.893281
413825,"MHSUOFFM4WDHELYWRKSIOYCZAOMUV24SLVT26XKODL7REB755G23KTJSW4","U3JFLNF55P4X2GTISLPD2DEBEXHJCG6EK7FX4EPCP4WBFRHEX3KUEMLYKE","62TIVJSZOS4DRSSYYDDZELQAGFYQC5JWKCHRBPPYKTZN2OOOXTGLB5ZJ4E",1730073600,"DCUIFIPSWGJ72Y3W5ZMIYAJFYBK65NWFFNFNP3B2ATHQF54X6IKVRF6ZXE",18,2,0.8,838423,1048029,1886452,1.048029,1.886452
413818,"ISTVKBRKYGU2ZIN4F3NADKZIJJN34CWGLVIQNKREHHLCGV62JHECFQYCEI","U3JFLNF55P4X2GTISLPD2DEBEXHJCG6EK7FX4EPCP4WBFRHEX3KUEMLYKE","62TIVJSZOS4DRSSYYDDZELQAGFYQC5JWKCHRBPPYKTZN2OOOXTGLB5ZJ4E",1730073600,"VRNCUQGTZAMPYDPMFSQUCD5WK7EH3HJZKIHBJKJPYX5NEI32BM25G4W2RI",18,2,0.8,838423,1048029,1886452,1.048029,1.886452
413811,"O676QB6WJEVPRUN5I63AMMVESUOO47XG4QJKMUBPYCCJEFLDNC5O3JQOCU","U3JFLNF55P4X2GTISLPD2DEBEXHJCG6EK7FX4EPCP4WBFRHEX3KUEMLYKE","62TIVJSZOS4DRSSYYDDZELQAGFYQC5JWKCHRBPPYKTZN2OOOXTGLB5ZJ4E",1730073600,"3YUCEQBPJ7Y3IB6UENZJZLSKXYJGD2KUTHHTODIXXBU43GYH25PVW22CAM",18,2,0.8,838423,1048029,1886452,1.048029,1.886452
413804,"TOUNGAH3W4QBBO7JWKBOOFT6RU4B4TBHO4TXFUQJ5IPDPBYLXWEWC6UJK4","U3JFLNF55P4X2GTISLPD2DEBEXHJCG6EK7FX4EPCP4WBFRHEX3KUEMLYKE","62TIVJSZOS4DRSSYYDDZELQAGFYQC5JWKCHRBPPYKTZN2OOOXTGLB5ZJ4E",1730073600,"GZNV2SJAWP6E362K3Q7MCDV5MNAO2XJUFMFVWFDWIVKP75JT3ZJNWMERZU",18,2,0.8,838423,1048029,1886452,1.048029,1.886452
413797,"VA4BX4FJUG6OI6TP5PZVFF6NU22CC7EZR3RRYYSXZF2O5FCI32JEBIYCRI","U3JFLNF55P4X2GTISLPD2DEBEXHJCG6EK7FX4EPCP4WBFRHEX3KUEMLYKE","62TIVJSZOS4DRSSYYDDZELQAGFYQC5JWKCHRBPPYKTZN2OOOXTGLB5ZJ4E",1730073600,"WXKBIMQ77BLXTEZBDHA32EZIMMZIO7B4YM5M4HWTUZVDNO736XEOOUREJI",18,2,0.8,838423,1048029,1886452,1.048029,1.886452
413790,"EATOYPMBN5XZS3236OUNOTPE64E7IPP6IPVJKEZTOA26U7OBZ62E5XMBN4","U3JFLNF55P4X2GTISLPD2DEBEXHJCG6EK7FX4EPCP4WBFRHEX3KUEMLYKE","62TIVJSZOS4DRSSYYDDZELQAGFYQC5JWKCHRBPPYKTZN2OOOXTGLB5ZJ4E",1730073600,"KE3GSKPYGUCQMLWOORLTT3LQVCYNSCPQFXZNOQBADWG4RK2OXIHOQBJ33Q",18,2,0.8,838423,1048029,1886452,1.048029,1.886452
413782,"5URZ3WGFJO4TFZ4VD45KIAEJRADAVQFTPYWUUSLX2DCMHJ6EBL4SKQIHIQ","U3JFLNF55P4X2GTISLPD2DEBEXHJCG6EK7FX4EPCP4WBFRHEX3KUEMLYKE","62TIVJSZOS4DRSSYYDDZELQAGFYQC5JWKCHRBPPYKTZN2OOOXTGLB5ZJ4E",1730073600,"75O5CYFDSH6ZDV2XY44JDNFSWC3KZKC7O2EV4AALOTDNLBQNJEROKTLPN4",18,2,0.8,838423,1048029,1886452,1.048029,1.886452
413775,"4TK7XEJ7WH4ULRAGAKZBK4C6N4I4OCU3LMA75VKRXCDX2BD7URDIKCKOVI","U3JFLNF55P4X2GTISLPD2DEBEXHJCG6EK7FX4EPCP4WBFRHEX3KUEMLYKE","62TIVJSZOS4DRSSYYDDZELQAGFYQC5JWKCHRBPPYKTZN2OOOXTGLB5ZJ4E",1730073600,"POPJOXKC7VE6AOCUYXBXJCGBVY7TOYZGCIHTXMSMPPJHZMB67KZMEWYWSE",18,2,0.8,838423,1048029,1886452,1.048029,1.886452
413768,"56KNVROMCI3LJKAVI553CNUYT26TJL2O3O6WZ2EDOIB6F52NFI2WDW7I3A","U3JFLNF55P4X2GTISLPD2DEBEXHJCG6EK7FX4EPCP4WBFRHEX3KUEMLYKE","62TIVJSZOS4DRSSYYDDZELQAGFYQC5JWKCHRBPPYKTZN2OOOXTGLB5ZJ4E",1730073600,"6CQT5NBAF5EATS77XADCZ2MCGCYXED4REURWIUWX7FJ3IQDSASRRCSZMT4",18,2,0.8,838423,1048029,1886452,1.048029,1.886452
413761,"LIFSCSKZWBRGY36H32J6BNJHEBJBEIBCV2OJ2FAYM2MVRQQVL4GBLA3PB4","U3JFLNF55P4X2GTISLPD2DEBEXHJCG6EK7FX4EPCP4WBFRHEX3KUEMLYKE","62TIVJSZOS4DRSSYYDDZELQAGFYQC5JWKCHRBPPYKTZN2OOOXTGLB5ZJ4E",1730073600,"JQOOAXDO7QE5HB7DBJ3OYRHKBNATOXSQ6DLG6PZ5ZHOOG3GOOWKIZPHNFQ",18,2,0.8,838423,1048029,1886452,1.048029,1.886452
413754,"SIJNHDRQ4YG5NKGXCF47S22ROHIYELIFFDRVWUHKDNB6WEIL6WX23F3YUM","U3JFLNF55P4X2GTISLPD2DEBEXHJCG6EK7FX4EPCP4WBFRHEX3KUEMLYKE","62TIVJSZOS4DRSSYYDDZELQAGFYQC5JWKCHRBPPYKTZN2OOOXTGLB5ZJ4E",1730073600,"54HDE7SQCOJNPRVR7LBQ5WIBNU74VJOMD3NJKESSVBCROLV5DS4D63MAJU",18,2,0.8,838423,1048029,1886452,1.048029,1.886452
413646,"4EQKEU25MTFAT2DFYZLLDCGXTMAZ7DEM6BQUPKVYSFAQXEZNOUZXSK5FWA","U3JFLNF55P4X2GTISLPD2DEBEXHJCG6EK7FX4EPCP4WBFRHEX3KUEMLYKE","62TIVJSZOS4DRSSYYDDZELQAGFYQC5JWKCHRBPPYKTZN2OOOXTGLB5ZJ4E",1730073600,"BHJJARBRGLWX2KSN3IGW3UCHHMXXQZXZCLMEVAVWOZWR6H3OARRLM2P56E",17,2,0.7135802469135802,11303111111,15840000000,27143111111,15840,27143.111111
413604,"FB343B7M5C64XTPZHUHJPSZSXINYOH3ZJGO336NQKPYY5ESJWLI45CCQ7M","U3JFLNF55P4X2GTISLPD2DEBEXHJCG6EK7FX4EPCP4WBFRHEX3KUEMLYKE","62TIVJSZOS4DRSSYYDDZELQAGFYQC5JWKCHRBPPYKTZN2OOOXTGLB5ZJ4E",1730073600,"ZYEUKWICODVK6IRP3HRFSRM3JGGV6ADM2VWIQNS2SDAF2LIBBOOCMJFWHU",18,2,0.8,838423,1048029,1886452,1.048029,1.886452
413520,"3MXZ3P52AUW3CT37OCO3P7QMBH2D7KQUQJW6EBDMTVBQXXNHKG2T2QJRRI","U3JFLNF55P4X2GTISLPD2DEBEXHJCG6EK7FX4EPCP4WBFRHEX3KUEMLYKE","62TIVJSZOS4DRSSYYDDZELQAGFYQC5JWKCHRBPPYKTZN2OOOXTGLB5ZJ4E",1730073600,"TAOKDAAZJXNM4ZS53IVPW6REYXANXECBLQ5ZGMPCTGISXKSS3DDWZN4ZXE",18,2,0.8,841458,1051823,1893281,1.051823,1.893281
412987,"AFI4AXEKDHX5Q6BSSPYE3CVSTL5WVTXM56ULYAWZODAM6KVKIIZEHNXRZU","U3JFLNF55P4X2GTISLPD2DEBEXHJCG6EK7FX4EPCP4WBFRHEX3KUEMLYKE","62TIVJSZOS4DRSSYYDDZELQAGFYQC5JWKCHRBPPYKTZN2OOOXTGLB5ZJ4E",1730073600,"S7ZG7AQ2OMHUM2YJMOLCKET2I6KWERW5W6D4NZ6VKROQ7QPJ3FHZ52TEGY",16,2,0.6320987654320988,3240107651,5125951557,8366059208,5125.951557,8366.059208
412549,"2NVFE2L2NFZKQSFE7NAOBYW37VAC66MQO53OIIHXMBOGTYSA4H3U7OHYKM","U3JFLNF55P4X2GTISLPD2DEBEXHJCG6EK7FX4EPCP4WBFRHEX3KUEMLYKE","62TIVJSZOS4DRSSYYDDZELQAGFYQC5JWKCHRBPPYKTZN2OOOXTGLB5ZJ4E",1730073600,"GINE4CCJYIMGR6GEN53B763XWEVJ2J34BQ6YKLXV6G5QD2BZIEGNDOQRB4",18,2,0.8,113813149,142266436,256079585,142.266436,256.079585
412463,"BBGGVGAXKPNUIBKOEQZKK4IICNEEC5VSJWRNZBUVGMVLMT6DHU5JKJTMNA","U3JFLNF55P4X2GTISLPD2DEBEXHJCG6EK7FX4EPCP4WBFRHEX3KUEMLYKE","62TIVJSZOS4DRSSYYDDZELQAGFYQC5JWKCHRBPPYKTZN2OOOXTGLB5ZJ4E",1730073600,"ZTVH7BVOIASULJ3XCXU4ZBAGRZMN5KJ4Y37S4V6XBZAWPUZPGKGCK4PPYM",18,2,0.8,1494746021,1868432526,3363178547,1868.432526,3363.178547
412286,"TY24ZH6FV6NC7MWPINXFW6LCR3RZMFTSE7DJGX5ZH5Y7OFI67LA4W52BYM","U3JFLNF55P4X2GTISLPD2DEBEXHJCG6EK7FX4EPCP4WBFRHEX3KUEMLYKE","62TIVJSZOS4DRSSYYDDZELQAGFYQC5JWKCHRBPPYKTZN2OOOXTGLB5ZJ4E",1730073600,"SD2ANWA6QODF2MKS7N3WDAGH35KXS4DFE2DGLVX5E6JCT4DGMTGEB5LDHM",18,2,0.8,1517508650,1896885813,3414394463,1896.885813,3414.394463
412262,"FWNKQIMBKZZ6RVM36N3NF2DJ5CAXSCKGVQ7JJJUDBXTWUEHD3EWCCLIWL4","U3JFLNF55P4X2GTISLPD2DEBEXHJCG6EK7FX4EPCP4WBFRHEX3KUEMLYKE","62TIVJSZOS4DRSSYYDDZELQAGFYQC5JWKCHRBPPYKTZN2OOOXTGLB5ZJ4E",1730073600,"PET3NZQFX7BCOF5PENO5O3IKL65OTI6TAQH5AWB6OR43QFKALJOGHNH7MQ",18,2,0.8,2597059348,3246324185,5843383533,3246.324185,5843.383533
412238,"RF7ARCHKYJTY2GHSS3PS7NOZO3JUX3KV6YAS7RQRIDYCSGVB7UMXDCLJCI","U3JFLNF55P4X2GTISLPD2DEBEXHJCG6EK7FX4EPCP4WBFRHEX3KUEMLYKE","62TIVJSZOS4DRSSYYDDZELQAGFYQC5JWKCHRBPPYKTZN2OOOXTGLB5ZJ4E",1730073600,"D7JEBOEWSLQHVFMP3C3J2HEX7MIETGPIS3FMVPKICMA6OYDJFTSUFJBBNE",1,2,0.0011111111111111111,958284,862456003,863414287,862.456003,863.414287
411556,"UOT5SWULGOUAGVUQE75HEMZT3F5ZPP7B2F5NFX53BAHP2TEEKY5BSM64NI","U3JFLNF55P4X2GTISLPD2DEBEXHJCG6EK7FX4EPCP4WBFRHEX3KUEMLYKE","62TIVJSZOS4DRSSYYDDZELQAGFYQC5JWKCHRBPPYKTZN2OOOXTGLB5ZJ4E",1730073600,"VA4OK63REWDID52DFK7Z4CKJQOPK5GAVGLMW2C5AYZPJKLSSZLITLZST7M",1,2,0.0011111111111111111,5006228,4505605536,4510611764,4505.605536,4510.611764
409797,"U6CSTK6ZGJ3APKKGYL2NZB2OIW4HIUBZB6Q2PIJZ7QCCDF4BWYHHWWODGM","U3JFLNF55P4X2GTISLPD2DEBEXHJCG6EK7FX4EPCP4WBFRHEX3KUEMLYKE","62TIVJSZOS4DRSSYYDDZELQAGFYQC5JWKCHRBPPYKTZN2OOOXTGLB5ZJ4E",1730073600,"6ERZOATYULXYOW77NKMNGYGT2F4A5KTHG5R3D6OTTX5FELJ3U3FGYK6R3I",18,2,0.8,33385190311,41731487889,75116678200,41731.487889,75116.6782
409697,"GKTLK6ML6O2CU4ZJAO3DLTMYE2AXYO4QFZKXMEHT7AE5H2EQEDXJFU24XA","U3JFLNF55P4X2GTISLPD2DEBEXHJCG6EK7FX4EPCP4WBFRHEX3KUEMLYKE","62TIVJSZOS4DRSSYYDDZELQAGFYQC5JWKCHRBPPYKTZN2OOOXTGLB5ZJ4E",1730073600,"P4YFU5QF2DT4ESAGCNU4KN3JOP7KWUW2LWSRRSWHTCZ7AO5IIUPTVXQOVU",18,2,0.8,4552526,5690657,10243183,5.690657,10.243183
409429,"AOOOGP2F2MDGRG2Z33HSNHM5RYA7QJHCNX5Y7QYHSSH3RFAKHD5N54SYOU","U3JFLNF55P4X2GTISLPD2DEBEXHJCG6EK7FX4EPCP4WBFRHEX3KUEMLYKE","62TIVJSZOS4DRSSYYDDZELQAGFYQC5JWKCHRBPPYKTZN2OOOXTGLB5ZJ4E",1730073600,"3S5QBFCYMWWVIKKRJZYTVS3UOQ2UWHRBH4TXG3VZA7VQMKN66D2DYJY3MQ",18,2,0.8,1600000,2000000,3600000,2,3.6
409413,"OQS5WWBFFDIICLHOFMSPJAYPRBN5JSJGIL4RVOOBIAJWSVMICCEIH5AKNQ","U3JFLNF55P4X2GTISLPD2DEBEXHJCG6EK7FX4EPCP4WBFRHEX3KUEMLYKE","62TIVJSZOS4DRSSYYDDZELQAGFYQC5JWKCHRBPPYKTZN2OOOXTGLB5ZJ4E",1730073600,"DNF4NMVUM5AUWXKOMNN2XROA7CDHELNDQKX5XV7RJ3E3X5J6KA34RAPNDA",1,2,0.0011111111111111111,616,554500,555116,0.5545,0.555116
409381,"OPJ4Q6LQV4IW4YSGFQ44R35EMDNTV6YKWM3UNNJLRK6R76EE2Q2FI463NI","U3JFLNF55P4X2GTISLPD2DEBEXHJCG6EK7FX4EPCP4WBFRHEX3KUEMLYKE","62TIVJSZOS4DRSSYYDDZELQAGFYQC5JWKCHRBPPYKTZN2OOOXTGLB5ZJ4E",1730073600,"EYKYEKP7CIEOWSGGD7VZRB26ZAQ2WJ4W7RNUY7SPFMPCDB4FLE3H4HIJQY",18,1,1,11111111110,11111111110,22222222220,11111.11111,22222.22222
409220,"I5QJTF47RUBRVCJT7CSFBLDOGDCTMNWEYANL43KSL7SVZ6QQUKA2GXOIIY","U3JFLNF55P4X2GTISLPD2DEBEXHJCG6EK7FX4EPCP4WBFRHEX3KUEMLYKE","62TIVJSZOS4DRSSYYDDZELQAGFYQC5JWKCHRBPPYKTZN2OOOXTGLB5ZJ4E",1730073600,"3S5QBFCYMWWVIKKRJZYTVS3UOQ2UWHRBH4TXG3VZA7VQMKN66D2DYJY3MQ",18,1,1,4150000000,4150000000,8300000000,4150,8300
409139,"2BUE2RQEH6HCD6ORKNY5FFQR27ISKNOUKP65NCXCUBU4HYJC4CBZWZA4MY","U3JFLNF55P4X2GTISLPD2DEBEXHJCG6EK7FX4EPCP4WBFRHEX3KUEMLYKE","62TIVJSZOS4DRSSYYDDZELQAGFYQC5JWKCHRBPPYKTZN2OOOXTGLB5ZJ4E",1730073600,"RNEGLGIH4MOTTAUPGNNWXPZX56LZMAKN3WHXSIABPGUDR4I6JESVCO5Z7M",18,1,1,60000000000,60000000000,120000000000,60000,120000
409131,"EM6SDBCQVQDXOQESVEKEQ6WV5XCFYQWTSFYO24Z6UYWLAEY6HFYVG5DSJI","U3JFLNF55P4X2GTISLPD2DEBEXHJCG6EK7FX4EPCP4WBFRHEX3KUEMLYKE","62TIVJSZOS4DRSSYYDDZELQAGFYQC5JWKCHRBPPYKTZN2OOOXTGLB5ZJ4E",1730073600,"NL3NIBJBATMITPDMKNRILMGRQ3IM4BGX5ZGJSUXWFDLJQE73S2D4H36QKE",17,1,0.8919753086419753,148959876543,167000000000,315959876543,167000,315959.876543
409063,"CPAHKZEC3374EO72PI5UNMCWCU7I5YHMOXYDMYIW6WON5XSTIW7762WLWU","U3JFLNF55P4X2GTISLPD2DEBEXHJCG6EK7FX4EPCP4WBFRHEX3KUEMLYKE","62TIVJSZOS4DRSSYYDDZELQAGFYQC5JWKCHRBPPYKTZN2OOOXTGLB5ZJ4E",1730073600,"HI4GEV4ZU32TGWUPKC5FKNCK6DZOLX2RRX4BVB3QG6WUHQ2UAS4GM3CN5U",18,1,1,21720000000,21720000000,43440000000,21720,43440
408977,"PYD5T47SBOOUIWTMKSHIYWQCQ3CVKGHOYEPOZF4G6VTZ23CLU3W5H6NGIM","U3JFLNF55P4X2GTISLPD2DEBEXHJCG6EK7FX4EPCP4WBFRHEX3KUEMLYKE","62TIVJSZOS4DRSSYYDDZELQAGFYQC5JWKCHRBPPYKTZN2OOOXTGLB5ZJ4E",1730073600,"QMLBNW6I6QY6FSAVBHPZ5DG6XAU2OUTMK6VEWD4WJGBHXFCFN5UHQ3MZRM",18,1,1,100000000,100000000,200000000,100,200
408884,"5Q45LZWAHCU6I3EZZRJQKVVIXXACQOKZQ5D5W27HBVNYA5VAZ7CP673YGY","U3JFLNF55P4X2GTISLPD2DEBEXHJCG6EK7FX4EPCP4WBFRHEX3KUEMLYKE","62TIVJSZOS4DRSSYYDDZELQAGFYQC5JWKCHRBPPYKTZN2OOOXTGLB5ZJ4E",1730073600,"A33NQHCPYDRFFLSHG5GJYS3RAXNQ3UUL7XWHAOWKCYA3J4MLF2OBEXKNEU",7,1,0.06805555555555556,977141976,14358004551,15335146527,14358.004551,15335.146527
408861,"S7JTZTHHIGPRIZ3VHDH4QJVRFYRI4QTY3V6DQEMDAS7D54EBLI325P4OOU","U3JFLNF55P4X2GTISLPD2DEBEXHJCG6EK7FX4EPCP4WBFRHEX3KUEMLYKE","62TIVJSZOS4DRSSYYDDZELQAGFYQC5JWKCHRBPPYKTZN2OOOXTGLB5ZJ4E",1730073600,"BWHDXT6H4EP54IE3ETYXR3YATEXNI7ABWYTX3LQVBGTFQZ3OK4QAQWFLLM",18,1,1,105470000000,105470000000,210940000000,105470,210940
408847,"O7DH5UWPGWMPRXGUPPBB2HZQ2U5IOAMENKMKOOXVA4RDHGAGH2QLRAB7VA","U3JFLNF55P4X2GTISLPD2DEBEXHJCG6EK7FX4EPCP4WBFRHEX3KUEMLYKE","62TIVJSZOS4DRSSYYDDZELQAGFYQC5JWKCHRBPPYKTZN2OOOXTGLB5ZJ4E",1730073600,"WJAMZRISXKHB62R6XMB7REAT5PAO7SQHFLGLSJRP62WDR52FR4PBYBQLGA",18,1,1,50000000000,50000000000,100000000000,50000,100000
408840,"LRSUSI3IRQKI6QJTYBJWU6HHVUMEKPR653UNGHIAK4Q765NMBLAJOFSWCI","U3JFLNF55P4X2GTISLPD2DEBEXHJCG6EK7FX4EPCP4WBFRHEX3KUEMLYKE","62TIVJSZOS4DRSSYYDDZELQAGFYQC5JWKCHRBPPYKTZN2OOOXTGLB5ZJ4E",1730073600,"FZDOXISTULFJLRVGXULILL4A5X2OMV2YGZZMC6DEXLELFNEZIGC4WJ6XZY",18,1,1,55425426500,55425426500,110850853000,55425.4265,110850.853
408826,"QVSUZ3OYGDON4TRKXZ7TIKDMEWQ3ST5XSO77OHRJBIRAEQHZV3DXABNIIY","U3JFLNF55P4X2GTISLPD2DEBEXHJCG6EK7FX4EPCP4WBFRHEX3KUEMLYKE","62TIVJSZOS4DRSSYYDDZELQAGFYQC5JWKCHRBPPYKTZN2OOOXTGLB5ZJ4E",1730073600,"RTHSJTEH6LON42BIXKVWE33OWGAVWTBTMKKDZ7GUCFXUI37W775MBMBWMA",1,1,0.001388888888888889,770,554500,555270,0.5545,0.55527
408673,"FDGCQJPDLGQW5HEWJYT2ZAHATZ4NTH5XGGONAFXFHFXCG2FJ444544FMJI","U3JFLNF55P4X2GTISLPD2DEBEXHJCG6EK7FX4EPCP4WBFRHEX3KUEMLYKE","62TIVJSZOS4DRSSYYDDZELQAGFYQC5JWKCHRBPPYKTZN2OOOXTGLB5ZJ4E",1730073600,"4ZIN4GDZ7AFUBHP77MHUAHNZVFOKEZD4SC5DGSYMYXJ3HDW2VCG3Q3R24M",18,1,1,25000000000,25000000000,50000000000,25000,50000
408613,"RDUE7OIP47N42QZSKPTRYBPQRCF736QDI6BKWHKMED4O4XPWHYBE4UACLY","U3JFLNF55P4X2GTISLPD2DEBEXHJCG6EK7FX4EPCP4WBFRHEX3KUEMLYKE","62TIVJSZOS4DRSSYYDDZELQAGFYQC5JWKCHRBPPYKTZN2OOOXTGLB5ZJ4E",1730073600,"TXZ3LM777N6IBZMW5Y6ZYTAPPK4XA6OYE2CTCDVTERA2Q7VJBSKYMTVAJI",18,1,1,2450000000,2450000000,4900000000,2450,4900
408445,"UH7QFLM2GOQDXK76A7ON4O5SYPZPHMIZW5AA4TSDTYKDLZH2YENHSWFTKI","U3JFLNF55P4X2GTISLPD2DEBEXHJCG6EK7FX4EPCP4WBFRHEX3KUEMLYKE","62TIVJSZOS4DRSSYYDDZELQAGFYQC5JWKCHRBPPYKTZN2OOOXTGLB5ZJ4E",1730073600,"VA4OK63REWDID52DFK7Z4CKJQOPK5GAVGLMW2C5AYZPJKLSSZLITLZST7M",18,1,1,5000000000,5000000000,10000000000,5000,10000
408392,"SPZEBKB4A533A3KVCQA2R2EHQA54I2V3TJ5KGGXXSKMYO2MCEPL7LSEX7A","U3JFLNF55P4X2GTISLPD2DEBEXHJCG6EK7FX4EPCP4WBFRHEX3KUEMLYKE","62TIVJSZOS4DRSSYYDDZELQAGFYQC5JWKCHRBPPYKTZN2OOOXTGLB5ZJ4E",1730073600,"F76ZRA5363BHN6R4WF4GZI47UWBP27U5G775BS7FVNWA7PZCG7V5XM55PA",18,1,1,40500000000,40500000000,81000000000,40500,81000
407923,"ENE26SPQDZJ5IZ3ASP3XICWV66NZUNLACKZKPGPOPRTVJQXJSHQLAOGIUM","U3JFLNF55P4X2GTISLPD2DEBEXHJCG6EK7FX4EPCP4WBFRHEX3KUEMLYKE","62TIVJSZOS4DRSSYYDDZELQAGFYQC5JWKCHRBPPYKTZN2OOOXTGLB5ZJ4E",1730073600,"L2LLBMEKCHZ6WCOW7I3GAYSRO2N7EBNFE43QSQDWKPXPDVQBXBXSNNDOIA",18,1,1,500000,500000,1000000,0.5,1
407896,"3KVGJ54TZA5NWDGNVRVUTM4LFYHQR5OK7QWCB7CV45KGWES5SQOPFEK46U","U3JFLNF55P4X2GTISLPD2DEBEXHJCG6EK7FX4EPCP4WBFRHEX3KUEMLYKE","62TIVJSZOS4DRSSYYDDZELQAGFYQC5JWKCHRBPPYKTZN2OOOXTGLB5ZJ4E",1730073600,"OI6LLQFVBWI43DOJYEX2SZSYQQNXQLWVC3KGSES5OWONNDMA3XL7SX6DRI",18,1,1,13617678500,13617678500,27235357000,13617.6785,27235.357
407881,"D36B4GJ4GTYAFT3VKXUZGQHONAHH7EVGAECJZGCBQBPPRVBFPLLTUYUBIE","U3JFLNF55P4X2GTISLPD2DEBEXHJCG6EK7FX4EPCP4WBFRHEX3KUEMLYKE","62TIVJSZOS4DRSSYYDDZELQAGFYQC5JWKCHRBPPYKTZN2OOOXTGLB5ZJ4E",1730073600,"27A3ANJ4DR6Y3O7HWB77OYIOW3KKZ42QUHQ3C6OTN53IN64MC3WZEYTJR4",13,1,0.5216049382716049,169521605,325000000,494521605,325,494.521605
407662,"MNJCQN7FA3JOO5FCWPCX6XIZ53SYVNAOQM74I7HBR6QW332T2ZQXSJQYDQ","U3JFLNF55P4X2GTISLPD2DEBEXHJCG6EK7FX4EPCP4WBFRHEX3KUEMLYKE","62TIVJSZOS4DRSSYYDDZELQAGFYQC5JWKCHRBPPYKTZN2OOOXTGLB5ZJ4E",1730073600,"X5XLT2XXUEBB6ZV4TUMHNVLFUO6R4OQE2PEWAF533YIWY3JFWFUDTJDNAE",18,1,1,5700000000,5700000000,11400000000,5700,11400
407645,"AJMYYZ26W54LCJRGBPSU7MX6ACCG2CROPIFZXLMM2F2LOLZG76I3XJJS4E","U3JFLNF55P4X2GTISLPD2DEBEXHJCG6EK7FX4EPCP4WBFRHEX3KUEMLYKE","62TIVJSZOS4DRSSYYDDZELQAGFYQC5JWKCHRBPPYKTZN2OOOXTGLB5ZJ4E",1730073600,"WE5SKU6W7LBA7SOBZDOY7MW23EGWVEEK3EEDIIFN3WY7NRDIM3MQ4UDXGE",18,1,1,120000000,120000000,240000000,120,240
407583,"36MD7XNPC7N2XSB55YR6WUH43DP2SRWBJ6ZBLMTGNJLDL4PFUL4CPYSI3Q","U3JFLNF55P4X2GTISLPD2DEBEXHJCG6EK7FX4EPCP4WBFRHEX3KUEMLYKE","62TIVJSZOS4DRSSYYDDZELQAGFYQC5JWKCHRBPPYKTZN2OOOXTGLB5ZJ4E",1730073600,"DFTHCQMJHWMBOEMUN4NFAMI5WHMIGTJU6VZLYFV4UAXDB3K67APPBANQRI",18,1,1,3000654500,3000654500,6001309000,3000.6545,6001.309
407574,"LAM4ZLCLOX4PYLPLB6RM3KX4LRTRUAKBMK4IQI4EFNGW5KJAFOXAKERGZY","U3JFLNF55P4X2GTISLPD2DEBEXHJCG6EK7FX4EPCP4WBFRHEX3KUEMLYKE","62TIVJSZOS4DRSSYYDDZELQAGFYQC5JWKCHRBPPYKTZN2OOOXTGLB5ZJ4E",1730073600,"DFTHCQMJHWMBOEMUN4NFAMI5WHMIGTJU6VZLYFV4UAXDB3K67APPBANQRI",1,1,0.001388888888888889,2776455,1999047500,2001823955,1999.0475,2001.823955
407547,"KIEHHISESXL34PKWFT2V7D2GXTCRZWV2DNHG5LWK73IDFZOL6OQXA6KQ6I","U3JFLNF55P4X2GTISLPD2DEBEXHJCG6EK7FX4EPCP4WBFRHEX3KUEMLYKE","62TIVJSZOS4DRSSYYDDZELQAGFYQC5JWKCHRBPPYKTZN2OOOXTGLB5ZJ4E",1730073600,"GZ24DF5JLXD7O5LRHZ6AZ672QJKQ43Y45ICD7GR5OJGZX5OJ5SGNHZXKRU",18,1,1,168205504500,168205504500,336411009000,168205.5045,336411.009
407534,"TI575G64ISBP7J652QIEAKEZ3IOKPLSCTET3N5HETQRX4ORLJW4SVZNGM4","U3JFLNF55P4X2GTISLPD2DEBEXHJCG6EK7FX4EPCP4WBFRHEX3KUEMLYKE","62TIVJSZOS4DRSSYYDDZELQAGFYQC5JWKCHRBPPYKTZN2OOOXTGLB5ZJ4E",1730073600,"PGBLNQJS3OWC34QP5WXKXTNLRXSENWGKTNGDDRHIB3J4G6H2WVNPCR4DUM",1,1,0.001388888888888889,770,554500,555270,0.5545,0.55527
407526,"BOLKHV6Z3AVSV5GW7F4YVAOWOPDQGIP3HW6YGUGTKVTBQT2AXT3B7PRXLQ","U3JFLNF55P4X2GTISLPD2DEBEXHJCG6EK7FX4EPCP4WBFRHEX3KUEMLYKE","62TIVJSZOS4DRSSYYDDZELQAGFYQC5JWKCHRBPPYKTZN2OOOXTGLB5ZJ4E",1730073600,"3ZXQUTVH5VDRN2NSUVOTIUIN7X3RF44VGYSZNX5TGXT74TH7PWSI46I3HI",18,1,1,554500,554500,1109000,0.5545,1.109
407392,"OMLS4OULSRYP4YVNAF56RL27BYGAUMA5MJYTWHNOPZAL4R2JI4AAKRKV5Y","U3JFLNF55P4X2GTISLPD2DEBEXHJCG6EK7FX4EPCP4WBFRHEX3KUEMLYKE","62TIVJSZOS4DRSSYYDDZELQAGFYQC5JWKCHRBPPYKTZN2OOOXTGLB5ZJ4E",1730073600,"3S5QBFCYMWWVIKKRJZYTVS3UOQ2UWHRBH4TXG3VZA7VQMKN66D2DYJY3MQ",18,1,1,50000000,50000000,100000000,50,100
407368,"EORGHPHGXR3HWPQHPHN5OG2DMDTICG2T3BCMFN5YIIGSGHA3G2C7CEG7P4","U3JFLNF55P4X2GTISLPD2DEBEXHJCG6EK7FX4EPCP4WBFRHEX3KUEMLYKE","62TIVJSZOS4DRSSYYDDZELQAGFYQC5JWKCHRBPPYKTZN2OOOXTGLB5ZJ4E",1730073600,"OSASRZ6BE7NY5OQOQOSVV3NRRLKV5NKMPPPGY7P5IJP4FXNHADU6TKJXVQ",18,1,1,5050000000,5050000000,10100000000,5050,10100
407226,"OSFOSJJLD36PNMVICMMKSEQFRXDRSQR47E7TGXGW57TDBPBGNJI32KKQCU","U3JFLNF55P4X2GTISLPD2DEBEXHJCG6EK7FX4EPCP4WBFRHEX3KUEMLYKE","62TIVJSZOS4DRSSYYDDZELQAGFYQC5JWKCHRBPPYKTZN2OOOXTGLB5ZJ4E",1730073600,"ALUI6WXDHQJCYMC5ABE6L4YKST43VRDVTEGUF4QXWREZYQ5JKM2X7YEH6Q",18,1,1,5000000,5000000,10000000,5,10
407041,"NCDN6LV7GQZEFDHIBQY63E4CJUT3M3BDL5VPKEMAYC247UZY4EIILJZ6CY","U3JFLNF55P4X2GTISLPD2DEBEXHJCG6EK7FX4EPCP4WBFRHEX3KUEMLYKE","62TIVJSZOS4DRSSYYDDZELQAGFYQC5JWKCHRBPPYKTZN2OOOXTGLB5ZJ4E",1730073600,"F76ZRA5363BHN6R4WF4GZI47UWBP27U5G775BS7FVNWA7PZCG7V5XM55PA",18,1,1,100000000000,100000000000,200000000000,100000,200000
406945,"B6U2HFQBZTIXPHDYURJLRVTRGH6BO4Y7I6ZEPKLRZ3GMGMLYSIC3H7N3YI","U3JFLNF55P4X2GTISLPD2DEBEXHJCG6EK7FX4EPCP4WBFRHEX3KUEMLYKE","62TIVJSZOS4DRSSYYDDZELQAGFYQC5JWKCHRBPPYKTZN2OOOXTGLB5ZJ4E",1730073600,"FVW7VRQ6W2JOG57HLHBDF27IV3OVKCGQNPEMT624RPOORGJYMFM5BIUPWM",11,1,0.16805555555555557,504166667,3000000000,3504166667,3000,3504.166667
406919,"OOOQETQ56ZLPXIHQT2EAGFSC6VRQN2QTJWUDCVAWHYA6GHDHAG5UMHYLQM","U3JFLNF55P4X2GTISLPD2DEBEXHJCG6EK7FX4EPCP4WBFRHEX3KUEMLYKE","62TIVJSZOS4DRSSYYDDZELQAGFYQC5JWKCHRBPPYKTZN2OOOXTGLB5ZJ4E",1730073600,"NFZYPGTKBAA2WNR2N4G7HUUA5R3BEXBRLUAPH35FS2ZBMAMEXNKXGFSQNQ",18,1,1,1648500000000,1648500000000,3297000000000,1648500,3297000
406876,"GUMVOEJLC4VX2RJCKETFEQZGAKPK6METEJ3K7FHWJJJPCZWAB3GYGBD7VY","U3JFLNF55P4X2GTISLPD2DEBEXHJCG6EK7FX4EPCP4WBFRHEX3KUEMLYKE","62TIVJSZOS4DRSSYYDDZELQAGFYQC5JWKCHRBPPYKTZN2OOOXTGLB5ZJ4E",1730073600,"3S5QBFCYMWWVIKKRJZYTVS3UOQ2UWHRBH4TXG3VZA7VQMKN66D2DYJY3MQ",18,1,1,150000000,150000000,300000000,150,300
406821,"2MSPSG6KBJGPJ7XIDPUT6FL5KR6OJOV2LYCRTDNRQ6DTLBC2ATK7JHPPIM","U3JFLNF55P4X2GTISLPD2DEBEXHJCG6EK7FX4EPCP4WBFRHEX3KUEMLYKE","62TIVJSZOS4DRSSYYDDZELQAGFYQC5JWKCHRBPPYKTZN2OOOXTGLB5ZJ4E",1730073600,"UEB6TDVHRIN7VSBGXO4WATCV6YJQA7WR43TWFIMK3SCWJ7NQOMON5WPUYI",18,1,1,5229500,5229500,10459000,5.2295,10.459
406777,"QFYUCY625RALMQ56JL6RDEOMUG6GRQNDEYGHZLAB62K2XXAI47UVPWUPZE","U3JFLNF55P4X2GTISLPD2DEBEXHJCG6EK7FX4EPCP4WBFRHEX3KUEMLYKE","62TIVJSZOS4DRSSYYDDZELQAGFYQC5JWKCHRBPPYKTZN2OOOXTGLB5ZJ4E",1730073600,"35WU256Q6EDEAV3XQ6RGXAUDH7UBORIIUR5D5TCF4BQ2BZKPK6BEJJTAKM",1,1,0.001388888888888889,694,500000,500694,0.5,0.500694
406750,"KRLEG4PFZBCEZU4AMVK4MOHTRLVI5IDE2GCVT5RBEOMT7KIFYVDUFDSCVY","U3JFLNF55P4X2GTISLPD2DEBEXHJCG6EK7FX4EPCP4WBFRHEX3KUEMLYKE","62TIVJSZOS4DRSSYYDDZELQAGFYQC5JWKCHRBPPYKTZN2OOOXTGLB5ZJ4E",1730073600,"4XBXQZDWWAXFZBBEDIOQUBY6JH22HLC2K5A7XXJQISRDBIXUEAF5FAGNXE",12,1,0.19999999999999998,155400000,777000000,932400000,777,932.4
406683,"DD6HRVPATAAHXTA6O6RCBXT2LM63QA5J4RZNP4FYK3IM72RGB3FWEBZUI4","U3JFLNF55P4X2GTISLPD2DEBEXHJCG6EK7FX4EPCP4WBFRHEX3KUEMLYKE","62TIVJSZOS4DRSSYYDDZELQAGFYQC5JWKCHRBPPYKTZN2OOOXTGLB5ZJ4E",1730073600,"XQXKC6BKMM5Z7XOOLUNKXEFDPYBG3OVSCTXSCVOQGXZVG67QPXWLRFUHQA",18,1,1,1055670500,1055670500,2111341000,1055.6705,2111.341
406672,"NIXH7VSAJEM2JHJVUKJQ4AJ3X6HCQXNXTORGPCZ6RM2HISSCWOICRMYFAU","U3JFLNF55P4X2GTISLPD2DEBEXHJCG6EK7FX4EPCP4WBFRHEX3KUEMLYKE","62TIVJSZOS4DRSSYYDDZELQAGFYQC5JWKCHRBPPYKTZN2OOOXTGLB5ZJ4E",1730073600,"2ZGKGFR53ZDYTCUP42TWHZG32ZA7LXYSYFTLN5QM5553AV6KLSLIO7T5DU",18,1,1,549500,549500,1099000,0.5495,1.099
406601,"PQK7IIGJV5MAY6S66JQ3MGDZTINXQSTOQOWRYPLO5TQC3YOLEBDWGYQBJI","U3JFLNF55P4X2GTISLPD2DEBEXHJCG6EK7FX4EPCP4WBFRHEX3KUEMLYKE","62TIVJSZOS4DRSSYYDDZELQAGFYQC5JWKCHRBPPYKTZN2OOOXTGLB5ZJ4E",1730073600,"ZYWSMZ7U2BAC5N74NB5CLX3K3JU3F7Q65PF6XSAN4MHHA52MBUIKITGSYI",1,1,0.001388888888888889,29545833,21273000000,21302545833,21273,21302.545833
406579,"6VVNPP4QWQXDACFB4ZG2VBJOIKZ3L5VGZC3B6E2O43AIG7DQWBTLWHVTEY","U3JFLNF55P4X2GTISLPD2DEBEXHJCG6EK7FX4EPCP4WBFRHEX3KUEMLYKE","62TIVJSZOS4DRSSYYDDZELQAGFYQC5JWKCHRBPPYKTZN2OOOXTGLB5ZJ4E",1730073600,"TXZ3LM777N6IBZMW5Y6ZYTAPPK4XA6OYE2CTCDVTERA2Q7VJBSKYMTVAJI",18,1,1,1300000000,1300000000,2600000000,1300,2600
406363,"L7S5B65GLF7XFHA4RAOIEKJFWNZFXKIJY4JRLMWFHSQYMCN47M5SP7IZNY","U3JFLNF55P4X2GTISLPD2DEBEXHJCG6EK7FX4EPCP4WBFRHEX3KUEMLYKE","62TIVJSZOS4DRSSYYDDZELQAGFYQC5JWKCHRBPPYKTZN2OOOXTGLB5ZJ4E",1730073600,"DCB3QC2V5KA3AAYGHXNV7E32J4UDP5Z7HVQTBCRYWYTKOUUD7PO5UJVZ5E",1,1,0.001388888888888889,694444,500000000,500694444,500,500.694444
406315,"4NAPW3HSRFP7VGF2XOSCSBBJ4DIPDTLRBE6V5AOE4KTO5LXHFKMMQC3PSI","U3JFLNF55P4X2GTISLPD2DEBEXHJCG6EK7FX4EPCP4WBFRHEX3KUEMLYKE","62TIVJSZOS4DRSSYYDDZELQAGFYQC5JWKCHRBPPYKTZN2OOOXTGLB5ZJ4E",1730073600,"MSOZCNO7V7QKIMNMRLTMWWOTIC5ATGGTM4EIJACLUBV26WZN762DVKB6EU",1,1,0.001388888888888889,278,200000,200278,0.2,0.200278
406234,"YACMBZJSZFBUPOJYFAAR33EJGYNYY2DYPES7357RBGKKTBRIPIHQDK43AE","U3JFLNF55P4X2GTISLPD2DEBEXHJCG6EK7FX4EPCP4WBFRHEX3KUEMLYKE","62TIVJSZOS4DRSSYYDDZELQAGFYQC5JWKCHRBPPYKTZN2OOOXTGLB5ZJ4E",1730073600,"RWV2YEJYY2ERJYBVXFHK2AQG76T4AFQRYK4W3HNHLINH36HA5MM5H5VWIA",1,1,0.001388888888888889,763,549500,550263,0.5495,0.550263
406216,"577CWIJ5TDMJO35MUAB536SHHSVPTRXLHE2EOSWS7FU7UG63OXXRT2PNIA","U3JFLNF55P4X2GTISLPD2DEBEXHJCG6EK7FX4EPCP4WBFRHEX3KUEMLYKE","62TIVJSZOS4DRSSYYDDZELQAGFYQC5JWKCHRBPPYKTZN2OOOXTGLB5ZJ4E",1730073600,"XIZYTPNTPQ3KRKPNEHMCP2D35QJ52SUV7KLT7D5OXFJG7EQXBELH2MQ4MU",18,1,1,554500,554500,1109000,0.5545,1.109
406174,"QPDT3KPX6UBSVJ4IH4UYVYD242HUSC4IOTDIFSI33ASU23AZO3QUUDV66M","U3JFLNF55P4X2GTISLPD2DEBEXHJCG6EK7FX4EPCP4WBFRHEX3KUEMLYKE","62TIVJSZOS4DRSSYYDDZELQAGFYQC5JWKCHRBPPYKTZN2OOOXTGLB5ZJ4E",1730073600,"CRSQ4HZZ3VHFEMQUI7ETHX2NRVLKWWKYP7PLTYYJQXIFUUEFBPN2A4L3XY",3,1,0.012499999999999999,6881,550500,557381,0.5505,0.557381
406135,"XQSCDJGMNJYCEAHQMHDIGJSTBUCS7M7CSXV2J62P4Y2AVOSEP7TGITX2HE","U3JFLNF55P4X2GTISLPD2DEBEXHJCG6EK7FX4EPCP4WBFRHEX3KUEMLYKE","62TIVJSZOS4DRSSYYDDZELQAGFYQC5JWKCHRBPPYKTZN2OOOXTGLB5ZJ4E",1730073600,"4ZIN4GDZ7AFUBHP77MHUAHNZVFOKEZD4SC5DGSYMYXJ3HDW2VCG3Q3R24M",18,1,1,65000000000,65000000000,130000000000,65000,130000
406125,"JL3EDLOPLHZEMFADKENJSVK3ET3I4UAGV7OFPIZIRP3NNPLRW5DKRDMMC4","U3JFLNF55P4X2GTISLPD2DEBEXHJCG6EK7FX4EPCP4WBFRHEX3KUEMLYKE","62TIVJSZOS4DRSSYYDDZELQAGFYQC5JWKCHRBPPYKTZN2OOOXTGLB5ZJ4E",1730073600,"KLGULEOCWWU2JY7W6K3DSSLJEYDBNQYWZUAT5NEHFFBYOWKDOT63MCOU7Q",18,1,1,425099900000,425099900000,850199800000,425099.9,850199.8
406096,"HXWS4FCMTEHN7SGKAW5LSFHFGNFJGD7ERK3FAFUSNYHSFN77BS6MQEW6QU","U3JFLNF55P4X2GTISLPD2DEBEXHJCG6EK7FX4EPCP4WBFRHEX3KUEMLYKE","62TIVJSZOS4DRSSYYDDZELQAGFYQC5JWKCHRBPPYKTZN2OOOXTGLB5ZJ4E",1730073600,"ZV4AWML435P6BLRSB3SDFWVUAEZCMIE7WRDVCPWY4NW7QJQHWPJUGIYWIU",1,1,0.001388888888888889,69,49500,49569,0.0495,0.049569
406031,"YFCMZ2IEEAGAW5JRTNJAJHR5CCJ7FUZA6X4SQS6FGIQOCB7XZK7KYHQGTI","U3JFLNF55P4X2GTISLPD2DEBEXHJCG6EK7FX4EPCP4WBFRHEX3KUEMLYKE","62TIVJSZOS4DRSSYYDDZELQAGFYQC5JWKCHRBPPYKTZN2OOOXTGLB5ZJ4E",1730073600,"4J35Y5SUQU24PHLOU35XSM2XPAJHABA3NJ4VLSWX3LPCHXKYH7BSK3R6R4",3,1,0.012499999999999999,66382431,5310594500,5376976931,5310.5945,5376.976931
406007,"IADB7YUGXDGU3RMHT5QFWBIBBYU5LBURTGRZMD7BXIH6E7QQE7JK7EQPVI","U3JFLNF55P4X2GTISLPD2DEBEXHJCG6EK7FX4EPCP4WBFRHEX3KUEMLYKE","62TIVJSZOS4DRSSYYDDZELQAGFYQC5JWKCHRBPPYKTZN2OOOXTGLB5ZJ4E",1730073600,"E5Q5MCDO6W7L5Y4W2TBUTYOXV74ZK3V4SDLTHCNJBGVUAB6PFIGGMHDZLM",18,1,1,1553500,1553500,3107000,1.5535,3.107
405985,"V5D3OZCWL4TWDNJDUECIHBMYQHLIZX6LZUX57ICGCBLVDUQ7MM6SPGFAQA","U3JFLNF55P4X2GTISLPD2DEBEXHJCG6EK7FX4EPCP4WBFRHEX3KUEMLYKE","62TIVJSZOS4DRSSYYDDZELQAGFYQC5JWKCHRBPPYKTZN2OOOXTGLB5ZJ4E",1730073600,"MGARCBKDG25YRLIOUJWM3GDPO7OQ7IEQPGFC75T5FEYMURMABPLGSL5TOE",18,1,1,1699462500,1699462500,3398925000,1699.4625,3398.925
405969,"LFVPFDW2KJJ3VO62SFERAG3BVT7NRPU7NR4O4X4BLJNYLT6IZN63RNIE6Q","U3JFLNF55P4X2GTISLPD2DEBEXHJCG6EK7FX4EPCP4WBFRHEX3KUEMLYKE","62TIVJSZOS4DRSSYYDDZELQAGFYQC5JWKCHRBPPYKTZN2OOOXTGLB5ZJ4E",1730073600,"CAL6HQKCWXZE2LQKLCFST2TYDU6GPUGM667B2EBGO2WSAUUF2XLI3K7LFA",18,1,1,104000000000,104000000000,208000000000,104000,208000
405956,"ZGTNDJPG22JIPKS35JUXN4S25A5FLV4B7ADBQFOKZJFGKVPIZFWNLH6E6Q","U3JFLNF55P4X2GTISLPD2DEBEXHJCG6EK7FX4EPCP4WBFRHEX3KUEMLYKE","62TIVJSZOS4DRSSYYDDZELQAGFYQC5JWKCHRBPPYKTZN2OOOXTGLB5ZJ4E",1730073600,"I7VZ5WEIS3M7HUWBPGHTD44ZTIOYXFFNICB2JLYGIZHI2CFCGYEL5BANAE",18,1,1,170765000000,170765000000,341530000000,170765,341530
405944,"BP5S2OAK3WWS5HNC5DRE3JVRHGYZXOXHFD4RC3MNMWL7ZHNGHXIXCK5LBM","U3JFLNF55P4X2GTISLPD2DEBEXHJCG6EK7FX4EPCP4WBFRHEX3KUEMLYKE","62TIVJSZOS4DRSSYYDDZELQAGFYQC5JWKCHRBPPYKTZN2OOOXTGLB5ZJ4E",1730073600,"PPWFS6DFZILDCEJA4XJNR3G72JZGRPM6XS4P24ZLT3OQLPX6U63C3NMGNE",12,1,0.19999999999999998,200000,1000000,1200000,1,1.2
405932,"ZX2NYSOCQHAXES2XFOHYCAAKNARHWU3ZFZVESNCUSLA2LEU3KVGARYKLTA","U3JFLNF55P4X2GTISLPD2DEBEXHJCG6EK7FX4EPCP4WBFRHEX3KUEMLYKE","62TIVJSZOS4DRSSYYDDZELQAGFYQC5JWKCHRBPPYKTZN2OOOXTGLB5ZJ4E",1730073600,"TXZ3LM777N6IBZMW5Y6ZYTAPPK4XA6OYE2CTCDVTERA2Q7VJBSKYMTVAJI",18,1,1,8552500,8552500,17105000,8.5525,17.105
405903,"3QLOSDULBSQEIAAJFRA2ALK3SHO6XJ3UBMDTE73KZ7NKWUNP7GIR6OVDT4","U3JFLNF55P4X2GTISLPD2DEBEXHJCG6EK7FX4EPCP4WBFRHEX3KUEMLYKE","62TIVJSZOS4DRSSYYDDZELQAGFYQC5JWKCHRBPPYKTZN2OOOXTGLB5ZJ4E",1730073600,"3S5QBFCYMWWVIKKRJZYTVS3UOQ2UWHRBH4TXG3VZA7VQMKN66D2DYJY3MQ",18,1,1,80000000,80000000,160000000,80,160
405481,"OGNPX2GX6GO2B6LDU5AVZSDJSLZAAEK5M5HXOGVJLPYNJVSHYUGDTHF6OI","U3JFLNF55P4X2GTISLPD2DEBEXHJCG6EK7FX4EPCP4WBFRHEX3KUEMLYKE","62TIVJSZOS4DRSSYYDDZELQAGFYQC5JWKCHRBPPYKTZN2OOOXTGLB5ZJ4E",1730073600,"WH55XMKU45WYV6YHY7KZE3E2CGLQWA4RKZPX3PO2DQQOTHQW2TZC72ZUCU",18,1,1,1542500,1542500,3085000,1.5425,3.085
405462,"35M5DL4CVRXKQEUXGUW7Y7XJCTDM6LZLQZ4P4RVQCTABYZV5DT3QXPHVHY","U3JFLNF55P4X2GTISLPD2DEBEXHJCG6EK7FX4EPCP4WBFRHEX3KUEMLYKE","62TIVJSZOS4DRSSYYDDZELQAGFYQC5JWKCHRBPPYKTZN2OOOXTGLB5ZJ4E",1730073600,"3S5QBFCYMWWVIKKRJZYTVS3UOQ2UWHRBH4TXG3VZA7VQMKN66D2DYJY3MQ",18,1,1,40000000,40000000,80000000,40,80
405371,"2BW4J4ZFTR4DZDOV3PG4CNP6RUD2UQ3HM5RHXNTVHPHPFPNYG7LXT2K6MU","U3JFLNF55P4X2GTISLPD2DEBEXHJCG6EK7FX4EPCP4WBFRHEX3KUEMLYKE","62TIVJSZOS4DRSSYYDDZELQAGFYQC5JWKCHRBPPYKTZN2OOOXTGLB5ZJ4E",1730073600,"5KJFRTKHSBQDBINNZTFQAV6AJ4EQNMFVQW4NSBUVIPSQKEEJV4HHJ3Q6QM",18,1,1,1554500,1554500,3109000,1.5545,3.109
405299,"6FKPE4K6YIX6KVICYBUP3HAPSNAYTPBYF6P2TIYWZYZJAZQVAOCE62OSAM","U3JFLNF55P4X2GTISLPD2DEBEXHJCG6EK7FX4EPCP4WBFRHEX3KUEMLYKE","62TIVJSZOS4DRSSYYDDZELQAGFYQC5JWKCHRBPPYKTZN2OOOXTGLB5ZJ4E",1730073600,"7WO47R4XY5TIO3YP4KFK7RU6Z72YL5VPPIOM2P5NNFH6YFYLQZVVJWMJFI",1,1,0.001388888888888889,13889,10000000,10013889,10,10.013889
405285,"FOGDO3G27AANE6WVW4X4I2PVQJTDZVGQNOPVCELPM4MSDLQQ5PXOGKAHDQ","U3JFLNF55P4X2GTISLPD2DEBEXHJCG6EK7FX4EPCP4WBFRHEX3KUEMLYKE","62TIVJSZOS4DRSSYYDDZELQAGFYQC5JWKCHRBPPYKTZN2OOOXTGLB5ZJ4E",1730073600,"4ZIN4GDZ7AFUBHP77MHUAHNZVFOKEZD4SC5DGSYMYXJ3HDW2VCG3Q3R24M",18,1,1,22000000000,22000000000,44000000000,22000,44000
405174,"UYJ6KX2HUIGINDBW5E72ZRD4XCSPWHUF67KIGQYVGQYTZQMNPA3VAZR324","U3JFLNF55P4X2GTISLPD2DEBEXHJCG6EK7FX4EPCP4WBFRHEX3KUEMLYKE","62TIVJSZOS4DRSSYYDDZELQAGFYQC5JWKCHRBPPYKTZN2OOOXTGLB5ZJ4E",1730073600,"RTSK6TRBGSV3JF5ZQEQ7O4E74CGS2TKDWULMKCX523RTCGYETDYXCS76HQ",1,1,0.001388888888888889,2159,1554500,1556659,1.5545,1.556659
405120,"27LL4HB2V3JO544NSGQQ7WHV7UCUXPGHKDUYQBXSQD23R3HYN7A5DHUETU","U3JFLNF55P4X2GTISLPD2DEBEXHJCG6EK7FX4EPCP4WBFRHEX3KUEMLYKE","62TIVJSZOS4DRSSYYDDZELQAGFYQC5JWKCHRBPPYKTZN2OOOXTGLB5ZJ4E",1730073600,"LD4NG2LH25FXVOHNBW64MYDQUHPRGJKDF35MLGYSJDGYKOJ24YHJMIY3EE",18,1,1,50000000,50000000,100000000,50,100
405111,"WTEBZE5JVVOSDT4H7NQEERKTTIMHCH6PXICBUCCJNRJC7WMXLOBDZXLKPA","U3JFLNF55P4X2GTISLPD2DEBEXHJCG6EK7FX4EPCP4WBFRHEX3KUEMLYKE","62TIVJSZOS4DRSSYYDDZELQAGFYQC5JWKCHRBPPYKTZN2OOOXTGLB5ZJ4E",1730073600,"UPOJXYUXLAJZKICEFTIMKWO5XLH3OD4KLU6E2YUWLB3MHK7HAKC3CQJBW4",18,1,1,1554500,1554500,3109000,1.5545,3.109
405067,"KEWXZZ5NTVGRNG4Z3E4XL7QXKTP656QZIYYIAO3YGSGBKHPDE2KFE4XDVQ","U3JFLNF55P4X2GTISLPD2DEBEXHJCG6EK7FX4EPCP4WBFRHEX3KUEMLYKE","62TIVJSZOS4DRSSYYDDZELQAGFYQC5JWKCHRBPPYKTZN2OOOXTGLB5ZJ4E",1730073600,"KSMGUNSX2IWGPZUHU5GPLLD7762T3KUKTPQZXCKNTVMSNZNKQ6RA37AYPI",18,1,1,121281490500,121281490500,242562981000,121281.4905,242562.981
405003,"JFLYVNHZZ7JNAUOG6BS5UZ7G4WO2HSGIMOYIHIODTONZL22MNLKMNZNCOY","U3JFLNF55P4X2GTISLPD2DEBEXHJCG6EK7FX4EPCP4WBFRHEX3KUEMLYKE","62TIVJSZOS4DRSSYYDDZELQAGFYQC5JWKCHRBPPYKTZN2OOOXTGLB5ZJ4E",1730073600,"3S5QBFCYMWWVIKKRJZYTVS3UOQ2UWHRBH4TXG3VZA7VQMKN66D2DYJY3MQ",18,1,1,10000000,10000000,20000000,10,20
404970,"G5KN4QLHB4QYG5C2J72UOWYTWHWFGVLE5UJQJV3FX66EBZDUNEIBYJRQBU","U3JFLNF55P4X2GTISLPD2DEBEXHJCG6EK7FX4EPCP4WBFRHEX3KUEMLYKE","62TIVJSZOS4DRSSYYDDZELQAGFYQC5JWKCHRBPPYKTZN2OOOXTGLB5ZJ4E",1730073600,"65Z4RSSNWO4N6BBF7FINJC2ZE6F7JBVCEFMKKMWZ3RZA7VTX4RXZWCLLVA",18,1,1,1000000000,1000000000,2000000000,1000,2000
404955,"FP2CJCIBXSZ43IUAOX4DEIPVULFH3JBN76BNFLLUKPXGMHHPOJDDWV6SSQ","U3JFLNF55P4X2GTISLPD2DEBEXHJCG6EK7FX4EPCP4WBFRHEX3KUEMLYKE","62TIVJSZOS4DRSSYYDDZELQAGFYQC5JWKCHRBPPYKTZN2OOOXTGLB5ZJ4E",1730073600,"C4OKJPVOBDM3IKFMUITEGR6VSYEIANSATMTEFWEPPTBL74KGLADNDWOZLA",1,1,0.001388888888888889,1389,1000000,1001389,1,1.001389
404898,"KWDEXNLVLBYBJUUFTAAQ7RYLJKBOJ6IK3NTR64IWD46ZNJVURWK3CSNR7U","U3JFLNF55P4X2GTISLPD2DEBEXHJCG6EK7FX4EPCP4WBFRHEX3KUEMLYKE","62TIVJSZOS4DRSSYYDDZELQAGFYQC5JWKCHRBPPYKTZN2OOOXTGLB5ZJ4E",1730073600,"KA6DTOVZNNRIY567IFUQP2FWWEQC4HAZU3XVYIDEG3VQFQCP5ODBWVTZ4A",18,1,1,33300000000,33300000000,66600000000,33300,66600
404854,"NUWCSZNWEH2NCER6MX3OXMFG6RG5R65QCVAPLYRJQ7YRL4YMCV6KDTY3LU","U3JFLNF55P4X2GTISLPD2DEBEXHJCG6EK7FX4EPCP4WBFRHEX3KUEMLYKE","62TIVJSZOS4DRSSYYDDZELQAGFYQC5JWKCHRBPPYKTZN2OOOXTGLB5ZJ4E",1730073600,"DFWDJAHLPT2GWBNVQPEUSV2HNZHNAWN35VT3JYZZT2ZBEDRHSOSYWQLM3Y",1,1,0.001388888888888889,2158,1553500,1555658,1.5535,1.555658
404757,"5B7OYALD4KV5ZS2YQEJMWCIIFHBHZGYWOVNNX2PZAP3HJ5GU2JDCRHYRHM","U3JFLNF55P4X2GTISLPD2DEBEXHJCG6EK7FX4EPCP4WBFRHEX3KUEMLYKE","62TIVJSZOS4DRSSYYDDZELQAGFYQC5JWKCHRBPPYKTZN2OOOXTGLB5ZJ4E",1730073600,"S7T6YV67QQWU5BPDMCDFE4P7QXGZD6JZANSEPMCVPBZ6MRM47ITX3ZF2PI",18,1,1,1000000,1000000,2000000,1,2
404749,"Y7BR7NQ5J2U4VO572M5C76GIV64LTHNIDK45XV7RSLXVBOVOM7VZXCS4DM","U3JFLNF55P4X2GTISLPD2DEBEXHJCG6EK7FX4EPCP4WBFRHEX3KUEMLYKE","62TIVJSZOS4DRSSYYDDZELQAGFYQC5JWKCHRBPPYKTZN2OOOXTGLB5ZJ4E",1730073600,"HBRAQIO2KL5IIIDEGIKPYKX75J56P245R3NJDLJNTJVG3B7U74RHEIZ7VU",18,1,1,2390000000,2390000000,4780000000,2390,4780
404735,"B6P72CTDXT6HOUEMLWWCEVWMB3OOBP3TTJWL7ZC64GRADCXMKJXSZBSECU","U3JFLNF55P4X2GTISLPD2DEBEXHJCG6EK7FX4EPCP4WBFRHEX3KUEMLYKE","62TIVJSZOS4DRSSYYDDZELQAGFYQC5JWKCHRBPPYKTZN2OOOXTGLB5ZJ4E",1730073600,"X5XLT2XXUEBB6ZV4TUMHNVLFUO6R4OQE2PEWAF533YIWY3JFWFUDTJDNAE",18,1,1,5000000000,5000000000,10000000000,5000,10000
404704,"BSUEOJYQMDLVNOU5R7KBUF5R2JOPGZ3QK7YKRETDJ3ZKYXOQE3IV5KRHJU","U3JFLNF55P4X2GTISLPD2DEBEXHJCG6EK7FX4EPCP4WBFRHEX3KUEMLYKE","62TIVJSZOS4DRSSYYDDZELQAGFYQC5JWKCHRBPPYKTZN2OOOXTGLB5ZJ4E",1730073600,"HBRAQIO2KL5IIIDEGIKPYKX75J56P245R3NJDLJNTJVG3B7U74RHEIZ7VU",18,1,1,1000000,1000000,2000000,1,2
404663,"OVIWG7TTPASQATBNAL2DYF2CCYAOUWQGR6MHGXL4Z2CITFR2QYTSTR2OLU","U3JFLNF55P4X2GTISLPD2DEBEXHJCG6EK7FX4EPCP4WBFRHEX3KUEMLYKE","62TIVJSZOS4DRSSYYDDZELQAGFYQC5JWKCHRBPPYKTZN2OOOXTGLB5ZJ4E",1730073600,"AE7J2DFIHOUO4SEC5FYKVORIJGYIKV7JW5DQRL62TMCTGU3FZNYZZFQSSE",18,1,1,38610210000,38610210000,77220420000,38610.21,77220.42
404655,"CDJY6AZIA3BHOMIDXACSEB5GWUOGLCSML52GVQWHHJMQXZ3ZI7OZPYUU2U","U3JFLNF55P4X2GTISLPD2DEBEXHJCG6EK7FX4EPCP4WBFRHEX3KUEMLYKE","62TIVJSZOS4DRSSYYDDZELQAGFYQC5JWKCHRBPPYKTZN2OOOXTGLB5ZJ4E",1730073600,"FI3L4L74OTF6TM2BBSNNXOT43EJV5GXUV5ZMOB7MWHIX63PLOEV4ELGKLQ",18,1,1,7000000,7000000,14000000,7,14
404641,"WT6JYWN27NGRIS5JVJVBRBY7DXM4R7YNLO2BTVK3ZZJ5LWITVS3EBKXX74","U3JFLNF55P4X2GTISLPD2DEBEXHJCG6EK7FX4EPCP4WBFRHEX3KUEMLYKE","62TIVJSZOS4DRSSYYDDZELQAGFYQC5JWKCHRBPPYKTZN2OOOXTGLB5ZJ4E",1730073600,"PAIBSSW4TU723BAVDUN6KH5N62BYLJKVSRXCTQZ23NKTS7XPLAM5K4BVUA",1,1,0.001388888888888889,278,200000,200278,0.2,0.200278
404628,"GH5U7RSQFGHK2U2YZQVRGA6KHBAOB7IRFLCDHZEFICQGERKA75WOWXD64A","U3JFLNF55P4X2GTISLPD2DEBEXHJCG6EK7FX4EPCP4WBFRHEX3KUEMLYKE","62TIVJSZOS4DRSSYYDDZELQAGFYQC5JWKCHRBPPYKTZN2OOOXTGLB5ZJ4E",1730073600,"SDEGPZRCOBKDY7BKTWOXT3MYU6HCT3IUWOF7YJRXRFQ2H7K3GQ7SJLNJKU",1,1,0.001388888888888889,2156,1552500,1554656,1.5525,1.554656
404595,"ZBD4Y63EK4KZIGOW2RZAG6TW5S6AOX3NGOZQ3NXWYM3O2NE662WERLYC54","U3JFLNF55P4X2GTISLPD2DEBEXHJCG6EK7FX4EPCP4WBFRHEX3KUEMLYKE","62TIVJSZOS4DRSSYYDDZELQAGFYQC5JWKCHRBPPYKTZN2OOOXTGLB5ZJ4E",1730073600,"3JMPVPMDT65D2W4BMNQ4WOKHTJO6Y67J7IVANZ4ABOIRWDQAOIIJB5XHK4",12,1,0.19999999999999998,200000,1000000,1200000,1,1.2
404464,"HLTLJ5W47GLNOG5EEXPYZCVSK5MUHFUKBHA2L2PZZGZIT33GNTREZ2AUXY","U3JFLNF55P4X2GTISLPD2DEBEXHJCG6EK7FX4EPCP4WBFRHEX3KUEMLYKE","62TIVJSZOS4DRSSYYDDZELQAGFYQC5JWKCHRBPPYKTZN2OOOXTGLB5ZJ4E",1730073600,"FZPGANXMQIHVSWYN6ZXS63QO5A5X4LEYCB4O52IP37HR6LY5RJY6FRC3LA",18,1,1,81127583828,81127583828,162255167656,81127.583828,162255.167656
404447,"7XAWAW2HHANKIOMDZAPONI4MKKLRCN26ICMGZO5LCDTODOFNSDV7MSPYPI","U3JFLNF55P4X2GTISLPD2DEBEXHJCG6EK7FX4EPCP4WBFRHEX3KUEMLYKE","62TIVJSZOS4DRSSYYDDZELQAGFYQC5JWKCHRBPPYKTZN2OOOXTGLB5ZJ4E",1730073600,"ZCMANJR5AIT5TNN3BOVGVNH466AJAQIR454ESLLNFWTPEW242O3ZPBTWEI",18,1,1,633900000000,633900000000,1267800000000,633900,1267800
404424,"P5WHLDIKRXM6EQZCN7UPIXRSXFEPQC64YZZJ7SUNVKK2W7IDJMFRQLCOY4","U3JFLNF55P4X2GTISLPD2DEBEXHJCG6EK7FX4EPCP4WBFRHEX3KUEMLYKE","62TIVJSZOS4DRSSYYDDZELQAGFYQC5JWKCHRBPPYKTZN2OOOXTGLB5ZJ4E",1730073600,"RNEGLGIH4MOTTAUPGNNWXPZX56LZMAKN3WHXSIABPGUDR4I6JESVCO5Z7M",18,1,1,27000000000,27000000000,54000000000,27000,54000
404232,"72MUMHWBBH7TK7SQ2TCAQKPAB54ZZ4NCJKRVBSRFSR26FC5ZYBIGKFAL74","U3JFLNF55P4X2GTISLPD2DEBEXHJCG6EK7FX4EPCP4WBFRHEX3KUEMLYKE","62TIVJSZOS4DRSSYYDDZELQAGFYQC5JWKCHRBPPYKTZN2OOOXTGLB5ZJ4E",1730073600,"4CWUYXTHO4KARECPYLUNF2QZTZTNFQ3MOV46PKXYQ7RX3BNNR76XF6F4Y4",18,1,1,44500,44500,89000,0.0445,0.089
404210,"MHQ56LGLGJSRCQVRUZEAWPYCQ2DLZ7UI66X5QYAD5S2OPTMUOOVJGK46FY","U3JFLNF55P4X2GTISLPD2DEBEXHJCG6EK7FX4EPCP4WBFRHEX3KUEMLYKE","62TIVJSZOS4DRSSYYDDZELQAGFYQC5JWKCHRBPPYKTZN2OOOXTGLB5ZJ4E",1730073600,"5T4BZWEGQ77DUZ5TLKDDAUYVMDNUANLOC673LCJ5QBDC3ZYRUWN5DAVSOI",18,1,1,1548500,1548500,3097000,1.5485,3.097
404201,"RAWJEJKHPLK2GXWC7NE7XQ7W5WUTTQVBW7RXO7USUZKVLHDHOJSGC4NT3U","U3JFLNF55P4X2GTISLPD2DEBEXHJCG6EK7FX4EPCP4WBFRHEX3KUEMLYKE","62TIVJSZOS4DRSSYYDDZELQAGFYQC5JWKCHRBPPYKTZN2OOOXTGLB5ZJ4E",1730073600,"LM32UHTNSRBU56WOPE7E72Q4WCPYICDPNXM26QCLEZDXLXSABU4BFNXNBU",1,1,0.001388888888888889,762,548500,549262,0.5485,0.549262
404169,"QLJIWJZVW53UAOGIX5ALODV5VLRXLX4NJZB2Z7U44KSBBNXLN6TI7NOLCY","U3JFLNF55P4X2GTISLPD2DEBEXHJCG6EK7FX4EPCP4WBFRHEX3KUEMLYKE","62TIVJSZOS4DRSSYYDDZELQAGFYQC5JWKCHRBPPYKTZN2OOOXTGLB5ZJ4E",1730073600,"42PUWTVALQZQRTQMES2NOYNRITMZQSK7JFXSZXSBXIOYEC2MBPFHWNZ76I",1,1,0.001388888888888889,718826,517554500,518273326,517.5545,518.273326
404069,"K3LW5DWCFTAKM4TWB5O5O36X6SAH2O65KE3RUJDYFROWRHHXEHELN6UT2U","U3JFLNF55P4X2GTISLPD2DEBEXHJCG6EK7FX4EPCP4WBFRHEX3KUEMLYKE","62TIVJSZOS4DRSSYYDDZELQAGFYQC5JWKCHRBPPYKTZN2OOOXTGLB5ZJ4E",1730073600,"22LJ6W6SWORMXQAA2DEOPYDP5ZIY3Z5327Z5NKQYTA6PBSHVQHX23JH32M",1,1,0.001388888888888889,38652778,27830000000,27868652778,27830,27868.652778
404057,"GBMQKLDAQX6KC3ILZRYUNUIKSB54QF54U5QUHLCDTFPIRLQ3TX5K64LSXM","U3JFLNF55P4X2GTISLPD2DEBEXHJCG6EK7FX4EPCP4WBFRHEX3KUEMLYKE","62TIVJSZOS4DRSSYYDDZELQAGFYQC5JWKCHRBPPYKTZN2OOOXTGLB5ZJ4E",1730073600,"C5NZ5SNL5EMOEVKFW3DS3DBG3FNMIYJAJY3U4I5SRCOXHGY33ML3TGHD24",18,1,1,10000000000,10000000000,20000000000,10000,20000
404044,"FKTWKPDVCE2EHB5ESHMEVD6KMLUYZRIASUIEFH7KEM5HWHKARHOJZDKGQI","U3JFLNF55P4X2GTISLPD2DEBEXHJCG6EK7FX4EPCP4WBFRHEX3KUEMLYKE","62TIVJSZOS4DRSSYYDDZELQAGFYQC5JWKCHRBPPYKTZN2OOOXTGLB5ZJ4E",1730073600,"QSLTTS2PE722R6SXYHNHSXVDVW6MWR2SBAXWIQ7LBOAOQIPSEVPVB77ZLY",18,1,1,551500,551500,1103000,0.5515,1.103
404022,"PMOQFON3WSEJCZVBCKQUWYCHCUBJJRN6ERA6QAKE5WJRFZPNNHVLOEDPNU","U3JFLNF55P4X2GTISLPD2DEBEXHJCG6EK7FX4EPCP4WBFRHEX3KUEMLYKE","62TIVJSZOS4DRSSYYDDZELQAGFYQC5JWKCHRBPPYKTZN2OOOXTGLB5ZJ4E",1730073600,"QSLTTS2PE722R6SXYHNHSXVDVW6MWR2SBAXWIQ7LBOAOQIPSEVPVB77ZLY",18,1,1,9134500,9134500,18269000,9.1345,18.269
404015,"PXCIRZIR37FZFGTVR6BB2ZJRJDC62P7SSQQZU3WIKPNNUC2HORHCZXO5Z4","U3JFLNF55P4X2GTISLPD2DEBEXHJCG6EK7FX4EPCP4WBFRHEX3KUEMLYKE","62TIVJSZOS4DRSSYYDDZELQAGFYQC5JWKCHRBPPYKTZN2OOOXTGLB5ZJ4E",1730073600,"FCFBCAOHFMKZXU2EQMSWQ73MDCC6EBC332FWN2WPYCCGV3QTNQ2BN4LKGA",18,1,1,151000000,151000000,302000000,151,302
403906,"BK2LHDPOTLDS4T6MVPATGSTPLQ32INXTF3T6CU7J6F73JS6NJPGNKDMNHM","U3JFLNF55P4X2GTISLPD2DEBEXHJCG6EK7FX4EPCP4WBFRHEX3KUEMLYKE","62TIVJSZOS4DRSSYYDDZELQAGFYQC5JWKCHRBPPYKTZN2OOOXTGLB5ZJ4E",1730073600,"5DXAMYPW5UP3N44GMUVBASI4HN7ZF6R4FPOGH4S4BGWA3KJCPZRTZDKDAI",18,1,1,1550500,1550500,3101000,1.5505,3.101
403899,"R2H765YLQT2VNZIVAHJKXNA35V4QJ2HQZTHU4KKJS2AHAYH6NH6C2ZOUZI","U3JFLNF55P4X2GTISLPD2DEBEXHJCG6EK7FX4EPCP4WBFRHEX3KUEMLYKE","62TIVJSZOS4DRSSYYDDZELQAGFYQC5JWKCHRBPPYKTZN2OOOXTGLB5ZJ4E",1730073600,"47XUVQHPMPGCU6G2HB3LHGHPGNN7ESECKLLZV3HIH6DMORMOIJRYKZPUAM",18,1,1,1554500,1554500,3109000,1.5545,3.109
403778,"CFOWERXR4CLEZ6OBD3J2N5S3GAWN5NUBCSKLWMWTABZUGH7DDHVTNXJNOU","U3JFLNF55P4X2GTISLPD2DEBEXHJCG6EK7FX4EPCP4WBFRHEX3KUEMLYKE","62TIVJSZOS4DRSSYYDDZELQAGFYQC5JWKCHRBPPYKTZN2OOOXTGLB5ZJ4E",1730073600,"TUZVK56ILKMVU6CRMTHQZR2RUCA7FXM5T3E5CQKTHYFBXQDEWJ2RBMGDCA",18,1,1,1549500,1549500,3099000,1.5495,3.099
403688,"7FMDG7OFAO63HWGAT2WDQR2FY677BVY6N2HFQ5XQL3Q572WZTAZYJL3Y7E","U3JFLNF55P4X2GTISLPD2DEBEXHJCG6EK7FX4EPCP4WBFRHEX3KUEMLYKE","62TIVJSZOS4DRSSYYDDZELQAGFYQC5JWKCHRBPPYKTZN2OOOXTGLB5ZJ4E",1730073600,"G2OYAUKAEINBZ4YHUDYDDARZY3PXE7TBHN37ACIXHUPVIYWRHALO2I326E",11,1,0.16805555555555557,259058,1541500,1800558,1.5415,1.800558
403642,"2RUWJLV3Y4NKXH3S3FHER5APSZEA7QADP2T4RO5B2Y23VI5ACTLK4QGJV4","U3JFLNF55P4X2GTISLPD2DEBEXHJCG6EK7FX4EPCP4WBFRHEX3KUEMLYKE","62TIVJSZOS4DRSSYYDDZELQAGFYQC5JWKCHRBPPYKTZN2OOOXTGLB5ZJ4E",1730073600,"2OYYVM7YQLO65WHHCM56JHLFGNC7L63Z2E2USVOCYDLV55DZAWHETLV66I",18,1,1,8128108500,8128108500,16256217000,8128.1085,16256.217
403628,"KFTX2JWI3Y7MQFFHS5MSV3VKSAOOWXQSFPQRF5VFFB2GMXZDWLA4X3TTJU","U3JFLNF55P4X2GTISLPD2DEBEXHJCG6EK7FX4EPCP4WBFRHEX3KUEMLYKE","62TIVJSZOS4DRSSYYDDZELQAGFYQC5JWKCHRBPPYKTZN2OOOXTGLB5ZJ4E",1730073600,"JRXEGJ5RSBPD4DIMAL74AGOAKWP3JEDGZRGJWBJYFMFW6W34X3DWB7ELKM",18,1,1,37389000000,37389000000,74778000000,37389,74778
403607,"5RJ6KHYS2S5XUUWTP4TOE6CVXJYPT3SX6IKHGMNHTXQYS5SISXQ6R5KBGI","U3JFLNF55P4X2GTISLPD2DEBEXHJCG6EK7FX4EPCP4WBFRHEX3KUEMLYKE","62TIVJSZOS4DRSSYYDDZELQAGFYQC5JWKCHRBPPYKTZN2OOOXTGLB5ZJ4E",1730073600,"ZKR3SXU5F2GHQ4FS7MVIRONEIOL2V432LP756O4R6HRW3H7XU3SKYDW3PQ",1,1,0.001388888888888889,11104167,7995000000,8006104167,7995,8006.104167
403590,"6MHDZLVJ3I7QXEUN7YBZ4H73XQWN6FMTJXGSEI6NV56URO3DZ3UN3FAPMY","U3JFLNF55P4X2GTISLPD2DEBEXHJCG6EK7FX4EPCP4WBFRHEX3KUEMLYKE","62TIVJSZOS4DRSSYYDDZELQAGFYQC5JWKCHRBPPYKTZN2OOOXTGLB5ZJ4E",1730073600,"D7JEBOEWSLQHVFMP3C3J2HEX7MIETGPIS3FMVPKICMA6OYDJFTSUFJBBNE",1,1,0.001388888888888889,4167,3000000,3004167,3,3.004167
403508,"HG76OUQHJGPQHK2EPVWNJG2XEBLGNYGO3J3SL6IUIUKDXHMWEWYM65DJPI","U3JFLNF55P4X2GTISLPD2DEBEXHJCG6EK7FX4EPCP4WBFRHEX3KUEMLYKE","62TIVJSZOS4DRSSYYDDZELQAGFYQC5JWKCHRBPPYKTZN2OOOXTGLB5ZJ4E",1730073600,"MMJCRP5Z6ZR2YFRAZWY735YH3GEL3L4FF74KX3VEMWI34INAI4M3SXF4NE",18,1,1,500000000,500000000,1000000000,500,1000
403472,"AHFUCLKQVZGKNP7GFWKOODDUBUPP7FFXQOYWH5QKGFNQJAVO2MHDMPPJ6A","U3JFLNF55P4X2GTISLPD2DEBEXHJCG6EK7FX4EPCP4WBFRHEX3KUEMLYKE","62TIVJSZOS4DRSSYYDDZELQAGFYQC5JWKCHRBPPYKTZN2OOOXTGLB5ZJ4E",1730073600,"2OYYVM7YQLO65WHHCM56JHLFGNC7L63Z2E2USVOCYDLV55DZAWHETLV66I",1,1,0.001388888888888889,10402333,7489679500,7500081833,7489.6795,7500.081833
403271,"LDSEQOPK74K25MT2Y7B2Y7JKKSMLGN37OYBJ4XB22DIDFOP2KPCGUUMDE4","U3JFLNF55P4X2GTISLPD2DEBEXHJCG6EK7FX4EPCP4WBFRHEX3KUEMLYKE","62TIVJSZOS4DRSSYYDDZELQAGFYQC5JWKCHRBPPYKTZN2OOOXTGLB5ZJ4E",1730073600,"ZKTROWG7WCYP7ZIEYSM4KF3F4EFTM4GJQQJVJY6D4RYGBJ7ZUYU7WL6EDU",1,1,0.001388888888888889,2159,1554500,1556659,1.5545,1.556659
403252,"E4IEEC66DT5L7SXSSSGANOUFKSPOGAB24OIOC5JWDBZKWMEYDEXEMFQZXE","U3JFLNF55P4X2GTISLPD2DEBEXHJCG6EK7FX4EPCP4WBFRHEX3KUEMLYKE","62TIVJSZOS4DRSSYYDDZELQAGFYQC5JWKCHRBPPYKTZN2OOOXTGLB5ZJ4E",1730073600,"JRXEGJ5RSBPD4DIMAL74AGOAKWP3JEDGZRGJWBJYFMFW6W34X3DWB7ELKM",18,1,1,64537023500,64537023500,129074047000,64537.0235,129074.047
403216,"YZMBW5STM2KUFKSU3OYQ3CGNE4NIAKZ6OYO7HTVJH4W46465QW4PR4DLKU","U3JFLNF55P4X2GTISLPD2DEBEXHJCG6EK7FX4EPCP4WBFRHEX3KUEMLYKE","62TIVJSZOS4DRSSYYDDZELQAGFYQC5JWKCHRBPPYKTZN2OOOXTGLB5ZJ4E",1730073600,"MDLTJBP55BZZYERYHYFG7OU42XTOC6I5242R7MFDAXUEAURAXYL5KDGAYQ",18,1,1,1967255465,1967255465,3934510930,1967.255465,3934.51093
403126,"O7TTT4C5IRRPL35EJINSFCD5IZNSJ52UL5PU4RNHFOXMGLK4PC4XW5TUJM","U3JFLNF55P4X2GTISLPD2DEBEXHJCG6EK7FX4EPCP4WBFRHEX3KUEMLYKE","62TIVJSZOS4DRSSYYDDZELQAGFYQC5JWKCHRBPPYKTZN2OOOXTGLB5ZJ4E",1730073600,"EW7OF4X4RJ5AYALEOV2MBDQ2FI3RVTRWCRAV7HHSOSTWEGATPUEB3G4XHY",3,1,0.012499999999999999,36750744,2940059500,2976810244,2940.0595,2976.810244
403119,"UVQZWU2DN22L4ACJDMUXA5SBNKJBFE7MDSJ4M32HJDQCGIFTYH5GMYC4AI","U3JFLNF55P4X2GTISLPD2DEBEXHJCG6EK7FX4EPCP4WBFRHEX3KUEMLYKE","62TIVJSZOS4DRSSYYDDZELQAGFYQC5JWKCHRBPPYKTZN2OOOXTGLB5ZJ4E",1730073600,"FCFBCAOHFMKZXU2EQMSWQ73MDCC6EBC332FWN2WPYCCGV3QTNQ2BN4LKGA",18,1,1,2649536500,2649536500,5299073000,2649.5365,5299.073
403108,"FGXLAY3EOKHB4MWKRMY76AQH6EUXNA53LTTM3F7R6YEEKG6HW6SS6GELCI","U3JFLNF55P4X2GTISLPD2DEBEXHJCG6EK7FX4EPCP4WBFRHEX3KUEMLYKE","62TIVJSZOS4DRSSYYDDZELQAGFYQC5JWKCHRBPPYKTZN2OOOXTGLB5ZJ4E",1730073600,"GUMJRZUP4J4I3LWXKTPSNVTUOQE3NGJZ7WPUH27WSN5KDOY2IBAURVEBXQ",1,1,0.001388888888888889,2137,1538500,1540637,1.5385,1.540637
403074,"3PN5GECBZNX3O6PTXBNBGDGJRLIFDNQ63PADYUP5BD3DPZGTRAIEM5MUUA","U3JFLNF55P4X2GTISLPD2DEBEXHJCG6EK7FX4EPCP4WBFRHEX3KUEMLYKE","62TIVJSZOS4DRSSYYDDZELQAGFYQC5JWKCHRBPPYKTZN2OOOXTGLB5ZJ4E",1730073600,"CM3ZC725OCJN3UTBORJMYVS2PFV25Z4NW7JU5HUGZGFEZR5Q3QKZ3RDWUI",18,1,1,4000000000,4000000000,8000000000,4000,8000
403061,"UJSXEAALHR3ZB7ZQWPQRHB6KB4KLWIL7TZFFMXLM5OZ7M73O5PFBMY6XQY","U3JFLNF55P4X2GTISLPD2DEBEXHJCG6EK7FX4EPCP4WBFRHEX3KUEMLYKE","62TIVJSZOS4DRSSYYDDZELQAGFYQC5JWKCHRBPPYKTZN2OOOXTGLB5ZJ4E",1730073600,"M6ALL2JYLNPCVOUO5QFBPSYI3EAK5RTIQEG5DZX3Y6LRH2PB7AXBAY4DTQ",18,1,1,4000000000,4000000000,8000000000,4000,8000
403049,"YSNSEWZ3CO6G3MAMRVA2Y426PGOFQCFAEKOLR445NSKHO6WE3VLHPZSGCM","U3JFLNF55P4X2GTISLPD2DEBEXHJCG6EK7FX4EPCP4WBFRHEX3KUEMLYKE","62TIVJSZOS4DRSSYYDDZELQAGFYQC5JWKCHRBPPYKTZN2OOOXTGLB5ZJ4E",1730073600,"RWF5OGYWVL7SD3CRJSA5ELMPCXUJC5NF67ZVCZIR7GR5CMGBKVX6D6V2CE",18,1,1,1550000,1550000,3100000,1.55,3.1
403031,"CUPSW5ARMM7X4LH3HS6UPWAFBEH3WACS5MDU3HQNF6RDEZ7KTJNNKZ2KO4","U3JFLNF55P4X2GTISLPD2DEBEXHJCG6EK7FX4EPCP4WBFRHEX3KUEMLYKE","62TIVJSZOS4DRSSYYDDZELQAGFYQC5JWKCHRBPPYKTZN2OOOXTGLB5ZJ4E",1730073600,"DQVAPFLH3ZOG3LJPFCDATKKTO5YXM77ENZBAEO5LPL7AO6QASBEEKDVS4I",18,1,1,8000000000,8000000000,16000000000,8000,16000
402945,"YQX76UDXLZCWKNDYMPB3YX4SBK3DQZD3M65AUH5TVSXHW3TYDEXYRQY5XA","U3JFLNF55P4X2GTISLPD2DEBEXHJCG6EK7FX4EPCP4WBFRHEX3KUEMLYKE","62TIVJSZOS4DRSSYYDDZELQAGFYQC5JWKCHRBPPYKTZN2OOOXTGLB5ZJ4E",1730073600,"KA6DTOVZNNRIY567IFUQP2FWWEQC4HAZU3XVYIDEG3VQFQCP5ODBWVTZ4A",18,1,1,8449701000,8449701000,16899402000,8449.701,16899.402
402858,"YUPIH7TVCSUE4LHRXNRCXJG7VNNEEJQG3K3BJNRVNIMHNMIM4AGJUR6ROE","U3JFLNF55P4X2GTISLPD2DEBEXHJCG6EK7FX4EPCP4WBFRHEX3KUEMLYKE","62TIVJSZOS4DRSSYYDDZELQAGFYQC5JWKCHRBPPYKTZN2OOOXTGLB5ZJ4E",1730073600,"W43DONPGM4FYMZWSJJMVSS67ZQ3HIV4R3PUHBXEG2DF7MRJ7DRJZ7RVTUU",18,1,1,1541500,1541500,3083000,1.5415,3.083
402822,"LDRPQOIJD6IMUXT3XLNPOVC7US62AYPGLK3H2AZPMBVYORQ5CTF4Z3D3CU","U3JFLNF55P4X2GTISLPD2DEBEXHJCG6EK7FX4EPCP4WBFRHEX3KUEMLYKE","62TIVJSZOS4DRSSYYDDZELQAGFYQC5JWKCHRBPPYKTZN2OOOXTGLB5ZJ4E",1730073600,"INQWQP2WU57WEQIWCXJ5FGQE7WKO2TWC5SQHX5MJPULHMQ37ZOXN3GYQFM",1,1,0.001388888888888889,12006,8644500,8656506,8.6445,8.656506
402813,"HDKD6Y2IS7HBPVYMEWG32VWJA54XOJOIZOMIDP336MXGQCTCTQSPVWK2BM","U3JFLNF55P4X2GTISLPD2DEBEXHJCG6EK7FX4EPCP4WBFRHEX3KUEMLYKE","62TIVJSZOS4DRSSYYDDZELQAGFYQC5JWKCHRBPPYKTZN2OOOXTGLB5ZJ4E",1730073600,"KA6DTOVZNNRIY567IFUQP2FWWEQC4HAZU3XVYIDEG3VQFQCP5ODBWVTZ4A",18,1,1,1000000,1000000,2000000,1,2
402806,"PPXKWTR7OE7EDQE4IOC4DBIYAVSG2TYBSGVKHDVZIV6JQTVFWEA4BYBE6I","U3JFLNF55P4X2GTISLPD2DEBEXHJCG6EK7FX4EPCP4WBFRHEX3KUEMLYKE","62TIVJSZOS4DRSSYYDDZELQAGFYQC5JWKCHRBPPYKTZN2OOOXTGLB5ZJ4E",1730073600,"BD7RA5R4Y2J5YQXQ2DLXS3HWXIGMRNLR3RNGQHRCCYJ6LHHK5KVYQ6J7TI",1,1,0.001388888888888889,417,300000,300417,0.3,0.300417
402744,"S25HHR4YAWDWGIJVKDO5YUSE22CU4LUI5XMFFDU3EYOJAH5SXXOXT2UU4E","U3JFLNF55P4X2GTISLPD2DEBEXHJCG6EK7FX4EPCP4WBFRHEX3KUEMLYKE","62TIVJSZOS4DRSSYYDDZELQAGFYQC5JWKCHRBPPYKTZN2OOOXTGLB5ZJ4E",1730073600,"KSMGUNSX2IWGPZUHU5GPLLD7762T3KUKTPQZXCKNTVMSNZNKQ6RA37AYPI",18,1,1,21953991500,21953991500,43907983000,21953.9915,43907.983
402679,"A6J3LOYHZXI7HGWOLLZNPMA7HKNFGDRHPEJI6WANAPT44KL2X4U2G6WJT4","U3JFLNF55P4X2GTISLPD2DEBEXHJCG6EK7FX4EPCP4WBFRHEX3KUEMLYKE","62TIVJSZOS4DRSSYYDDZELQAGFYQC5JWKCHRBPPYKTZN2OOOXTGLB5ZJ4E",1730073600,"ESON4H45KBRPKMHI7PA3YTZ66MU33Z23UY422DG4J5NXWCG2V6PUPDZNRM",13,1,0.5216049382716049,810313,1553500,2363813,1.5535,2.363813
402532,"Y7AR5SCVH3RINIDG3DEN7ATIKHI4QGWAWM4SMRKVK6NWHDUTBJ5CNANPN4","U3JFLNF55P4X2GTISLPD2DEBEXHJCG6EK7FX4EPCP4WBFRHEX3KUEMLYKE","62TIVJSZOS4DRSSYYDDZELQAGFYQC5JWKCHRBPPYKTZN2OOOXTGLB5ZJ4E",1730073600,"KSMGUNSX2IWGPZUHU5GPLLD7762T3KUKTPQZXCKNTVMSNZNKQ6RA37AYPI",18,1,1,7424457744,7424457744,14848915488,7424.457744,14848.915488
402502,"U4LDHFTL5JMTEIYHL5K23TBOSJRJWRR6DOBZGR4JDQXUMK3CMBOHN2RFM4","U3JFLNF55P4X2GTISLPD2DEBEXHJCG6EK7FX4EPCP4WBFRHEX3KUEMLYKE","62TIVJSZOS4DRSSYYDDZELQAGFYQC5JWKCHRBPPYKTZN2OOOXTGLB5ZJ4E",1730073600,"KC3S4DPPT4WBHPDYWCSK55RSM42GH7NZKZCCV4AR5ABIRCYGXPDOFP3IQQ",18,1,1,9000000000,9000000000,18000000000,9000,18000
402480,"TRX7BIHAGJMBKLSN5DTZS2BSUGWZHDLYU4LT3BVLZ3WE3FQRWB43KZJYK4","U3JFLNF55P4X2GTISLPD2DEBEXHJCG6EK7FX4EPCP4WBFRHEX3KUEMLYKE","62TIVJSZOS4DRSSYYDDZELQAGFYQC5JWKCHRBPPYKTZN2OOOXTGLB5ZJ4E",1730073600,"GAUWTPBUX7IA4AZRNCHQV6OVWUXN55E6Q2WQD2RPNDWWOARE63YTREQSQU",1,1,0.001388888888888889,1389,1000000,1001389,1,1.001389
402447,"AK42ZU4T6C46G2A5A23ZDAIDALHTSYKGOSM2XDJX43PF7CJ3AZK5H4KEAQ","U3JFLNF55P4X2GTISLPD2DEBEXHJCG6EK7FX4EPCP4WBFRHEX3KUEMLYKE","62TIVJSZOS4DRSSYYDDZELQAGFYQC5JWKCHRBPPYKTZN2OOOXTGLB5ZJ4E",1730073600,"WATASSGXKHXZO5GFBCH6LDFMNMJXRYSRIRCLE2RVK5K5Y3O4ZIGB6QO7FI",1,1,0.001388888888888889,208333,150000000,150208333,150,150.208333
402433,"LCWCRHZYFQZ773WXTI4RGE3LVWFMHXZAYN6KMPTYZCVMIYWRPODCEC32FM","U3JFLNF55P4X2GTISLPD2DEBEXHJCG6EK7FX4EPCP4WBFRHEX3KUEMLYKE","62TIVJSZOS4DRSSYYDDZELQAGFYQC5JWKCHRBPPYKTZN2OOOXTGLB5ZJ4E",1730073600,"CAL6HQKCWXZE2LQKLCFST2TYDU6GPUGM667B2EBGO2WSAUUF2XLI3K7LFA",18,1,1,10350458500,10350458500,20700917000,10350.4585,20700.917
402426,"SLX6HVMIT6H5NJKBP3XNFW3GSN33TLLDN2XT3Y2FOHUZ63PRALYPBVDUGI","U3JFLNF55P4X2GTISLPD2DEBEXHJCG6EK7FX4EPCP4WBFRHEX3KUEMLYKE","62TIVJSZOS4DRSSYYDDZELQAGFYQC5JWKCHRBPPYKTZN2OOOXTGLB5ZJ4E",1730073600,"CAL6HQKCWXZE2LQKLCFST2TYDU6GPUGM667B2EBGO2WSAUUF2XLI3K7LFA",13,1,0.5216049382716049,38598765432,74000000000,112598765432,74000,112598.765432
402418,"VMSJERCEXIDICO5MQUZEV6IAI5A577ZXPUCJ4MH44KNJUTETNIGNSIHMBI","U3JFLNF55P4X2GTISLPD2DEBEXHJCG6EK7FX4EPCP4WBFRHEX3KUEMLYKE","62TIVJSZOS4DRSSYYDDZELQAGFYQC5JWKCHRBPPYKTZN2OOOXTGLB5ZJ4E",1730073600,"CAL6HQKCWXZE2LQKLCFST2TYDU6GPUGM667B2EBGO2WSAUUF2XLI3K7LFA",13,1,0.5216049382716049,44023457,84400000,128423457,84.4,128.423457
402411,"NDWAF3TZN4NXHAFRVWR4GEMDKWPTAHATICSL4YABEA3SZSIYHS2TQLR2VE","U3JFLNF55P4X2GTISLPD2DEBEXHJCG6EK7FX4EPCP4WBFRHEX3KUEMLYKE","62TIVJSZOS4DRSSYYDDZELQAGFYQC5JWKCHRBPPYKTZN2OOOXTGLB5ZJ4E",1730073600,"WG26SPF7QHDJBXIXRF6R2NGBX2GCNWU4XYQJNHLNEOOQ3SDD5H2M4N2F2Y",18,1,1,13000000,13000000,26000000,13,26
402286,"XCJ7T2ITIGYDRZ5PYZCUTGU5OJH4LZYNOLAZKPVGST4JGQ4BWSLXQCSCZM","U3JFLNF55P4X2GTISLPD2DEBEXHJCG6EK7FX4EPCP4WBFRHEX3KUEMLYKE","62TIVJSZOS4DRSSYYDDZELQAGFYQC5JWKCHRBPPYKTZN2OOOXTGLB5ZJ4E",1730073600,"ORADHH6KFY7A6JUTVVH4SHVUY7MXDWPTROSXHMWVJMWUFS6IKO5KASYOYE",1,1,0.001388888888888889,5556,4000000,4005556,4,4.005556
402212,"PWSROD5M43CVVV6RQVPVP4JJ7LYHYZZKPLE3CK45VKI4VVBN2AMXS5HB5Q","U3JFLNF55P4X2GTISLPD2DEBEXHJCG6EK7FX4EPCP4WBFRHEX3KUEMLYKE","62TIVJSZOS4DRSSYYDDZELQAGFYQC5JWKCHRBPPYKTZN2OOOXTGLB5ZJ4E",1730073600,"MPBRY6SD5HJAI2NHFBV7JB4U55FAONEXFXS5HEZOMD6XM4WDEEFWQS7CNA",18,1,1,1541500,1541500,3083000,1.5415,3.083
401473,"ZA37JLDOXMVEWMGFBVAN5L7OPEGG34VMEBLJBAVYFFKTAHHHB7ZP6QC4SM","U3JFLNF55P4X2GTISLPD2DEBEXHJCG6EK7FX4EPCP4WBFRHEX3KUEMLYKE","62TIVJSZOS4DRSSYYDDZELQAGFYQC5JWKCHRBPPYKTZN2OOOXTGLB5ZJ4E",1730073600,"5YSWBQPVJMUAKYZ5U4V3Z2WLUJDIFZ4RLOP2N37DZ4V66JWF3WWDZZRCNY",1,1,0.001388888888888889,2778,2000000,2002778,2,2.002778
401338,"32AWN6KB6VTOYEORKV32TPI7HF7QEYX6RZORO3366GY3H5O72BX7TSAXOA","U3JFLNF55P4X2GTISLPD2DEBEXHJCG6EK7FX4EPCP4WBFRHEX3KUEMLYKE","62TIVJSZOS4DRSSYYDDZELQAGFYQC5JWKCHRBPPYKTZN2OOOXTGLB5ZJ4E",1730073600,"DGQXOJDOVCND4N2GOGN4QD5Q5XMYBJG4CJ6NY62FLVG3VJTII2W5IZN2FM",18,1,1,38679124500,38679124500,77358249000,38679.1245,77358.249
401233,"MRMSHGWZZPUJ6DZMX4EMF6EOL42QBTDRLMB45D5Z4A5B7TNAVS3QVVBFPU","U3JFLNF55P4X2GTISLPD2DEBEXHJCG6EK7FX4EPCP4WBFRHEX3KUEMLYKE","62TIVJSZOS4DRSSYYDDZELQAGFYQC5JWKCHRBPPYKTZN2OOOXTGLB5ZJ4E",1730073600,"RNEGLGIH4MOTTAUPGNNWXPZX56LZMAKN3WHXSIABPGUDR4I6JESVCO5Z7M",1,1,0.001388888888888889,152777778,110000000000,110152777778,110000,110152.777778
401188,"P2MIONSBOULCPCHSD2Q4QSHWT7KECU6YDTAA37XJV7WAHTAMCNMABU7M4M","U3JFLNF55P4X2GTISLPD2DEBEXHJCG6EK7FX4EPCP4WBFRHEX3KUEMLYKE","62TIVJSZOS4DRSSYYDDZELQAGFYQC5JWKCHRBPPYKTZN2OOOXTGLB5ZJ4E",1730073600,"VA4OK63REWDID52DFK7Z4CKJQOPK5GAVGLMW2C5AYZPJKLSSZLITLZST7M",18,1,1,20000000,20000000,40000000,20,40
401178,"KAH63UVMR7SF3CNWG6LYNMCUERXZRGS4D4KW7HQ4ZCQNEIR5GVQRM6TUAI","U3JFLNF55P4X2GTISLPD2DEBEXHJCG6EK7FX4EPCP4WBFRHEX3KUEMLYKE","62TIVJSZOS4DRSSYYDDZELQAGFYQC5JWKCHRBPPYKTZN2OOOXTGLB5ZJ4E",1730073600,"WWTJLLMJIG65BZFT3I557RRPJKXR4Z4JAQZ26FVYHTFQATNSOK3IALZJZA",18,1,1,1545500,1545500,3091000,1.5455,3.091
401154,"OSBUJJTVAW2354WH6AOPUM3IMKUIG6D7MO6BZGEJXYW4L3MOMQY5BXE4VM","U3JFLNF55P4X2GTISLPD2DEBEXHJCG6EK7FX4EPCP4WBFRHEX3KUEMLYKE","62TIVJSZOS4DRSSYYDDZELQAGFYQC5JWKCHRBPPYKTZN2OOOXTGLB5ZJ4E",1730073600,"UNSEHWDF5XV57G46W37M57CWKIKPQWHCDKWXGDRSKN7KCBIPMOCEIKQ2VU",18,1,1,500000000,500000000,1000000000,500,1000
401126,"37RO7L6GRQNWAAQEXKYKXA77E3O6ZJ6MFR7TM2QT5PP4WI6745VGYCNCZE","U3JFLNF55P4X2GTISLPD2DEBEXHJCG6EK7FX4EPCP4WBFRHEX3KUEMLYKE","62TIVJSZOS4DRSSYYDDZELQAGFYQC5JWKCHRBPPYKTZN2OOOXTGLB5ZJ4E",1730073600,"RNEGLGIH4MOTTAUPGNNWXPZX56LZMAKN3WHXSIABPGUDR4I6JESVCO5Z7M",18,1,1,429000000000,429000000000,858000000000,429000,858000
401103,"WVR5E6DTYU2DLVGXQ6D4VCVGTDJQXIKKNQNABOOFM3QHAG3DX2W3PZOBEU","U3JFLNF55P4X2GTISLPD2DEBEXHJCG6EK7FX4EPCP4WBFRHEX3KUEMLYKE","62TIVJSZOS4DRSSYYDDZELQAGFYQC5JWKCHRBPPYKTZN2OOOXTGLB5ZJ4E",1730073600,"EYKYEKP7CIEOWSGGD7VZRB26ZAQ2WJ4W7RNUY7SPFMPCDB4FLE3H4HIJQY",18,1,1,10000042069,10000042069,20000084138,10000.042069,20000.084138
401093,"OIEPCUK54OUTO6N4PLSJXHWG6UNMJYTZPTUN26BPGKWGEKQ234A5EMSYGU","U3JFLNF55P4X2GTISLPD2DEBEXHJCG6EK7FX4EPCP4WBFRHEX3KUEMLYKE","62TIVJSZOS4DRSSYYDDZELQAGFYQC5JWKCHRBPPYKTZN2OOOXTGLB5ZJ4E",1730073600,"37KINBSERCMW7S7N2QZXOD655RZL3VBTU6EIZB5LOLZEUKRRBQ5Q2EGA6U",18,1,1,5102430000,5102430000,10204860000,5102.43,10204.86
401084,"SRYJOUOC5HNNQ2ZUV6S5ZCDY6XLSHPJHOP7MZJORQDRMX4ZVGYNODKCPNM","U3JFLNF55P4X2GTISLPD2DEBEXHJCG6EK7FX4EPCP4WBFRHEX3KUEMLYKE","62TIVJSZOS4DRSSYYDDZELQAGFYQC5JWKCHRBPPYKTZN2OOOXTGLB5ZJ4E",1730073600,"NK7LWSKFA64ICPH6GCQSF6SH2W3MSXGH5FWKCJIMU6GYVDHYZQ7J6YV3QM",18,1,1,45000000000,45000000000,90000000000,45000,90000
401070,"PSR5RSVZ5HEUY7J4BGZYMYDJA7I424JRRDDEI37AJAWJ7C4J7QQ5DZZI3A","U3JFLNF55P4X2GTISLPD2DEBEXHJCG6EK7FX4EPCP4WBFRHEX3KUEMLYKE","62TIVJSZOS4DRSSYYDDZELQAGFYQC5JWKCHRBPPYKTZN2OOOXTGLB5ZJ4E",1730073600,"WRKIE5BMYYOBLIRQ6X5AM6CBKSV66MJDAQJEZJ76CPH4KHMERAF7I53OJY",1,1,0.001388888888888889,11111,8000000,8011111,8,8.011111
401047,"LWERCAWE4ZEXGGEYQEUB3MKXNAOJE2L6CD2IHDYREYAWXCB2RH7TV2LEVA","U3JFLNF55P4X2GTISLPD2DEBEXHJCG6EK7FX4EPCP4WBFRHEX3KUEMLYKE","62TIVJSZOS4DRSSYYDDZELQAGFYQC5JWKCHRBPPYKTZN2OOOXTGLB5ZJ4E",1730073600,"2VNT6NPP5ZSCPEATSDMM73QHYEWG4RMOYQSG7C3T7TPNEMKI6D4ECNH7DE",18,1,1,100000000,100000000,200000000,100,200
401020,"ROC7T2MCEL7CABDA6VAMKLGYL6PN7BSEHEGQCU4B4PTRU75GC2MUSBKINI","U3JFLNF55P4X2GTISLPD2DEBEXHJCG6EK7FX4EPCP4WBFRHEX3KUEMLYKE","62TIVJSZOS4DRSSYYDDZELQAGFYQC5JWKCHRBPPYKTZN2OOOXTGLB5ZJ4E",1730073600,"N6AHTV6CXJZSUHU6VBZOT37ATLUIGR3IBBBPQHCFJSH5WOOAJVJDOGPSJM",2,1,0.005555555555555556,833333333,150000000000,150833333333,150000,150833.333333
400997,"TGEZN55JE4WBRDNUQTOZE3CWETNEZW4LWKBGU7B4JFDTAFVLVN2PIABNCY","U3JFLNF55P4X2GTISLPD2DEBEXHJCG6EK7FX4EPCP4WBFRHEX3KUEMLYKE","62TIVJSZOS4DRSSYYDDZELQAGFYQC5JWKCHRBPPYKTZN2OOOXTGLB5ZJ4E",1730073600,"7WO47R4XY5TIO3YP4KFK7RU6Z72YL5VPPIOM2P5NNFH6YFYLQZVVJWMJFI",17,1,0.8919753086419753,164818305556,184779000000,349597305556,184779,349597.305556
400920,"CW44JRNRMO4K26JIKROZQZXQ626I46JO7IKFZ2YMOT6M3PZTIJZCUADZ5Q","U3JFLNF55P4X2GTISLPD2DEBEXHJCG6EK7FX4EPCP4WBFRHEX3KUEMLYKE","62TIVJSZOS4DRSSYYDDZELQAGFYQC5JWKCHRBPPYKTZN2OOOXTGLB5ZJ4E",1730073600,"2RMPWZ6VDF5FKNIWLQQRJFMIXRCOML5NWB2XBLIUOVPQCW56F7VTUQCMAU",18,1,1,74900000000,74900000000,149800000000,74900,149800
400851,"N7TDCLBDDS4YQCAQDE43PKDCDJPXLKLLPU75JUT2XQE7J7N5WSRGUXHRL4","U3JFLNF55P4X2GTISLPD2DEBEXHJCG6EK7FX4EPCP4WBFRHEX3KUEMLYKE","62TIVJSZOS4DRSSYYDDZELQAGFYQC5JWKCHRBPPYKTZN2OOOXTGLB5ZJ4E",1730073600,"73KBVNKEBYBG7BQQLY4GCXY64DQU3RIXRMYGJNSWL242GZQ25LH3YESP7U",18,1,1,1553500,1553500,3107000,1.5535,3.107
400844,"LGJEN3WNFRBRCI3BFFP24SMFBBDKV4OBRCJAILPKDPKUPVZJZ6QS4IOL2I","U3JFLNF55P4X2GTISLPD2DEBEXHJCG6EK7FX4EPCP4WBFRHEX3KUEMLYKE","62TIVJSZOS4DRSSYYDDZELQAGFYQC5JWKCHRBPPYKTZN2OOOXTGLB5ZJ4E",1730073600,"GOJFYNMTLD65D3T42MY7DK6D3HFUTNV5LNAKEYIHZRG5JMCQYDVLEGH5QI",18,1,1,17334000000,17334000000,34668000000,17334,34668
400791,"KIK6Q7KGC3HSYX3MF2OW6R5SS56AXRND4WPPBHOFQCKSKF4X6WK65ZISTE","U3JFLNF55P4X2GTISLPD2DEBEXHJCG6EK7FX4EPCP4WBFRHEX3KUEMLYKE","62TIVJSZOS4DRSSYYDDZELQAGFYQC5JWKCHRBPPYKTZN2OOOXTGLB5ZJ4E",1730073600,"B5AEQUDUSADZXTREO4NXLRVT252XCWYY5RMMTUMJ6VQ35NGNL7TTTI4E24",18,1,1,1999998554500,1999998554500,3999997109000,1999998.5545,3999997.109
400782,"O3JZKDR7JFOV6LMVN3HCHJJMVVOGY4ULKAKXUPGG7ST3T6AZ7RJ3ESOGQQ","U3JFLNF55P4X2GTISLPD2DEBEXHJCG6EK7FX4EPCP4WBFRHEX3KUEMLYKE","62TIVJSZOS4DRSSYYDDZELQAGFYQC5JWKCHRBPPYKTZN2OOOXTGLB5ZJ4E",1730073600,"ZYWSMZ7U2BAC5N74NB5CLX3K3JU3F7Q65PF6XSAN4MHHA52MBUIKITGSYI",6,1,0.049999999999999996,1953589325,39071786500,41025375825,39071.7865,41025.375825
400755,"6HSHPHNFU4GHSED5V7XHVWGY4DMOJEMWTIT6B6H3ZKSKVOBXVUCBB7Q7WQ","U3JFLNF55P4X2GTISLPD2DEBEXHJCG6EK7FX4EPCP4WBFRHEX3KUEMLYKE","62TIVJSZOS4DRSSYYDDZELQAGFYQC5JWKCHRBPPYKTZN2OOOXTGLB5ZJ4E",1730073600,"4ZIN4GDZ7AFUBHP77MHUAHNZVFOKEZD4SC5DGSYMYXJ3HDW2VCG3Q3R24M",18,1,1,120004196720,120004196720,240008393440,120004.19672,240008.39344
400743,"IJO5VJSUDZVSBEU2HZLANKZ7AKUATJJ43H6PYFKVJKHG62NR7P3P73MR34","U3JFLNF55P4X2GTISLPD2DEBEXHJCG6EK7FX4EPCP4WBFRHEX3KUEMLYKE","62TIVJSZOS4DRSSYYDDZELQAGFYQC5JWKCHRBPPYKTZN2OOOXTGLB5ZJ4E",1730073600,"OSASRZ6BE7NY5OQOQOSVV3NRRLKV5NKMPPPGY7P5IJP4FXNHADU6TKJXVQ",18,1,1,4255000000,4255000000,8510000000,4255,8510
400736,"TUTCKOCEHC4AU3XC444AHFIHIA7LXDONENWQN5M6UHIBQAU2JIKWNISR74","U3JFLNF55P4X2GTISLPD2DEBEXHJCG6EK7FX4EPCP4WBFRHEX3KUEMLYKE","62TIVJSZOS4DRSSYYDDZELQAGFYQC5JWKCHRBPPYKTZN2OOOXTGLB5ZJ4E",1730073600,"I7VZ5WEIS3M7HUWBPGHTD44ZTIOYXFFNICB2JLYGIZHI2CFCGYEL5BANAE",18,1,1,31359506500,31359506500,62719013000,31359.5065,62719.013
400702,"Z32AKYRRUG5IAJXV4YOXDQ4S63MURCIYRBE65HLNFK3X6Q7CS5M75WFIOE","U3JFLNF55P4X2GTISLPD2DEBEXHJCG6EK7FX4EPCP4WBFRHEX3KUEMLYKE","62TIVJSZOS4DRSSYYDDZELQAGFYQC5JWKCHRBPPYKTZN2OOOXTGLB5ZJ4E",1730073600,"HM64TVIMMCT4TCEPH5PTHRBS7H2FMQOB6YQJ55NK4I5SA73AGG6IOX2MPM",18,1,1,1000000,1000000,2000000,1,2
400657,"FGHC3K7W3UE7TRIRZJHXZWU3CUCEGQF4CG5AP3RUV3KPQZQ7WZHPEM27W4","U3JFLNF55P4X2GTISLPD2DEBEXHJCG6EK7FX4EPCP4WBFRHEX3KUEMLYKE","62TIVJSZOS4DRSSYYDDZELQAGFYQC5JWKCHRBPPYKTZN2OOOXTGLB5ZJ4E",1730073600,"NNF6Z27GXUGYKQ4PU5TLFGKLIZH3YS544SLVBTXNDZ2BLCBV4YYNHQEK7Q",18,1,1,50000000000,50000000000,100000000000,50000,100000
400632,"IWQKODDYTFESMSMURCCQGJU7CYRYCP7YV4VM2STVV574436XY2PEVMSMCU","U3JFLNF55P4X2GTISLPD2DEBEXHJCG6EK7FX4EPCP4WBFRHEX3KUEMLYKE","62TIVJSZOS4DRSSYYDDZELQAGFYQC5JWKCHRBPPYKTZN2OOOXTGLB5ZJ4E",1730073600,"BXXX6LWTLI4OVOV2ES3TILCTQAU4PJW6VYMRBJFI3CMVXRVSRWS2RPR4VU",18,1,1,1553500,1553500,3107000,1.5535,3.107
400622,"JFAZ2UIXWUYZIKWAK4R5DPNKJAF2AJ2OUXXPEXEOB2G7G6MEHMZYTXQPXE","U3JFLNF55P4X2GTISLPD2DEBEXHJCG6EK7FX4EPCP4WBFRHEX3KUEMLYKE","62TIVJSZOS4DRSSYYDDZELQAGFYQC5JWKCHRBPPYKTZN2OOOXTGLB5ZJ4E",1730073600,"OVDREAWPFXYWMJLDRWI3LHCIIEDTZI7G7LK3AFLZXSBUSC2BPK3QGU7WII",18,1,1,1548500,1548500,3097000,1.5485,3.097
400615,"LJZX653TWG5BUPVPW4U46V6RJDUA5G2FYUIBIT7JI7XM7TBYPDCA7PTMGQ","U3JFLNF55P4X2GTISLPD2DEBEXHJCG6EK7FX4EPCP4WBFRHEX3KUEMLYKE","62TIVJSZOS4DRSSYYDDZELQAGFYQC5JWKCHRBPPYKTZN2OOOXTGLB5ZJ4E",1730073600,"63VHG2ME45CQC6GSX3GQ2RGWJWYR4FOBPBHNIOS5TYNNTTXCHK2XRJ2DY4",18,1,1,90000000000,90000000000,180000000000,90000,180000
400608,"RWEU3KECNU4W2VVWTY4YDP2PKTVPIPO76YQNPEBC3BGKS32TGU254AG5QQ","U3JFLNF55P4X2GTISLPD2DEBEXHJCG6EK7FX4EPCP4WBFRHEX3KUEMLYKE","62TIVJSZOS4DRSSYYDDZELQAGFYQC5JWKCHRBPPYKTZN2OOOXTGLB5ZJ4E",1730073600,"OSASRZ6BE7NY5OQOQOSVV3NRRLKV5NKMPPPGY7P5IJP4FXNHADU6TKJXVQ",18,1,1,2560000000,2560000000,5120000000,2560,5120
400590,"ACIFT2FI6JMRBWSIH4U4IOETIASOHRX3I4WKADKLEQB2OH3TAJ32IRYEKY","U3JFLNF55P4X2GTISLPD2DEBEXHJCG6EK7FX4EPCP4WBFRHEX3KUEMLYKE","62TIVJSZOS4DRSSYYDDZELQAGFYQC5JWKCHRBPPYKTZN2OOOXTGLB5ZJ4E",1730073600,"RNEGLGIH4MOTTAUPGNNWXPZX56LZMAKN3WHXSIABPGUDR4I6JESVCO5Z7M",18,1,1,349000000,349000000,698000000,349,698
400562,"2FM3WXN5DAEVUHZ4AGBZNKKAT3SAHKHKWBHYOGW5HCVH5MYD7N44OHUEXQ","U3JFLNF55P4X2GTISLPD2DEBEXHJCG6EK7FX4EPCP4WBFRHEX3KUEMLYKE","62TIVJSZOS4DRSSYYDDZELQAGFYQC5JWKCHRBPPYKTZN2OOOXTGLB5ZJ4E",1730073600,"FVHBLPF26FUYJIW2AYPO6LO7R5FI4SVCNCACTBW6VT2MZ7KAPGSYCXKCCY",1,1,0.001388888888888889,737101,530712500,531449601,530.7125,531.449601
400542,"MSPZZTXUJOYJUD4SSBUFUJRWMRHY2YJTMPKDB7HRUMR6IXDC6ZFNXQWNJI","U3JFLNF55P4X2GTISLPD2DEBEXHJCG6EK7FX4EPCP4WBFRHEX3KUEMLYKE","62TIVJSZOS4DRSSYYDDZELQAGFYQC5JWKCHRBPPYKTZN2OOOXTGLB5ZJ4E",1730073600,"VFR4XCDMAXMDL2EPK5E6XSQOETSXVD5EKIIDNWFWVNMRPC6G4LGH6AKSHY",14,1,0.6049382716049383,7580411611,12530884500,20111296111,12530.8845,20111.296111
400534,"XHG4KQSL5Y5WXAIWFJ7JMKPWD5CG4NO7DYX5ATSO2SFWIZFRRWIIH45OLU","U3JFLNF55P4X2GTISLPD2DEBEXHJCG6EK7FX4EPCP4WBFRHEX3KUEMLYKE","62TIVJSZOS4DRSSYYDDZELQAGFYQC5JWKCHRBPPYKTZN2OOOXTGLB5ZJ4E",1730073600,"22LJ6W6SWORMXQAA2DEOPYDP5ZIY3Z5327Z5NKQYTA6PBSHVQHX23JH32M",18,1,1,12310000000,12310000000,24620000000,12310,24620
400521,"PCYB3KI56AEEKZLNIZTEIIV7HC26QYC7OFITNFL7CWKFKNJAYPVQFMMMSE","U3JFLNF55P4X2GTISLPD2DEBEXHJCG6EK7FX4EPCP4WBFRHEX3KUEMLYKE","62TIVJSZOS4DRSSYYDDZELQAGFYQC5JWKCHRBPPYKTZN2OOOXTGLB5ZJ4E",1730073600,"AE7J2DFIHOUO4SEC5FYKVORIJGYIKV7JW5DQRL62TMCTGU3FZNYZZFQSSE",18,1,1,990000000,990000000,1980000000,990,1980
400509,"VNX3CP4N5JZR5HJG4AGQLTUFSIELLKXIZTK2PNFISOK4TE3HJQZAN6S6IE","U3JFLNF55P4X2GTISLPD2DEBEXHJCG6EK7FX4EPCP4WBFRHEX3KUEMLYKE","62TIVJSZOS4DRSSYYDDZELQAGFYQC5JWKCHRBPPYKTZN2OOOXTGLB5ZJ4E",1730073600,"QWMPHWZH2XWGHUI5LNK7N6AX7PU5WHUZ6RBNHAQPK2SH72GYLJI4G2PQKA",1,1,0.001388888888888889,6586378,4742192000,4748778378,4742.192,4748.778378
400499,"AXBCOAXIMCZHEW5NFMLYNTUPFS7DWV553KS37YZAAMTNTPONENVJW3MOV4","U3JFLNF55P4X2GTISLPD2DEBEXHJCG6EK7FX4EPCP4WBFRHEX3KUEMLYKE","62TIVJSZOS4DRSSYYDDZELQAGFYQC5JWKCHRBPPYKTZN2OOOXTGLB5ZJ4E",1730073600,"QWMPHWZH2XWGHUI5LNK7N6AX7PU5WHUZ6RBNHAQPK2SH72GYLJI4G2PQKA",1,1,0.001388888888888889,1388889,1000000000,1001388889,1000,1001.388889
400491,"DLLBDVPJ4C6NLD3SEFX5IMXJFGIEY2PNHWGQHVYN6EM7OBVK5UGHKCCLAI","U3JFLNF55P4X2GTISLPD2DEBEXHJCG6EK7FX4EPCP4WBFRHEX3KUEMLYKE","62TIVJSZOS4DRSSYYDDZELQAGFYQC5JWKCHRBPPYKTZN2OOOXTGLB5ZJ4E",1730073600,"MPYVBN7K2TXP4MVGAZJ7GO3BEMEXL7PY5OK4K4RVM3JAY53YMUHGALLZDU",18,1,1,40345554500,40345554500,80691109000,40345.5545,80691.109
400476,"WXAXQP5FUFZS7UPQCWD6W7ETEJCZVCP3KKJJKZXZ4T7HXCEVXL7XP2YOHQ","U3JFLNF55P4X2GTISLPD2DEBEXHJCG6EK7FX4EPCP4WBFRHEX3KUEMLYKE","62TIVJSZOS4DRSSYYDDZELQAGFYQC5JWKCHRBPPYKTZN2OOOXTGLB5ZJ4E",1730073600,"NBI5VML47OINW3HGG6OVUMTXRTKTHSKDNO6OJLWJXTO6YH7C5QHXKU7DK4",18,1,1,120000000000,120000000000,240000000000,120000,240000
400466,"SJG555E4SOT4QGQMZ6ZCUBIJTDIRYMPYIBJDWQQTT4M3PSKYYW3PZQNM4Q","U3JFLNF55P4X2GTISLPD2DEBEXHJCG6EK7FX4EPCP4WBFRHEX3KUEMLYKE","62TIVJSZOS4DRSSYYDDZELQAGFYQC5JWKCHRBPPYKTZN2OOOXTGLB5ZJ4E",1730073600,"VFR4XCDMAXMDL2EPK5E6XSQOETSXVD5EKIIDNWFWVNMRPC6G4LGH6AKSHY",15,1,0.6944444444444445,4084065913,5881054914,9965120827,5881.054914,9965.120827
400458,"TON3ZBCRLESNCBE65YGU2OZKNLOZB225A5X26KDYQ7GA6UHHLQVJ7IP2PM","U3JFLNF55P4X2GTISLPD2DEBEXHJCG6EK7FX4EPCP4WBFRHEX3KUEMLYKE","62TIVJSZOS4DRSSYYDDZELQAGFYQC5JWKCHRBPPYKTZN2OOOXTGLB5ZJ4E",1730073600,"JRXEGJ5RSBPD4DIMAL74AGOAKWP3JEDGZRGJWBJYFMFW6W34X3DWB7ELKM",18,1,1,113022385500,113022385500,226044771000,113022.3855,226044.771
400451,"ATGXE4RUYC556A2TGMMGCIKZUAOM3KWA2VEGL5HC5DOZAUK6QDDYBH7C6I","U3JFLNF55P4X2GTISLPD2DEBEXHJCG6EK7FX4EPCP4WBFRHEX3KUEMLYKE","62TIVJSZOS4DRSSYYDDZELQAGFYQC5JWKCHRBPPYKTZN2OOOXTGLB5ZJ4E",1730073600,"WOFJSEQCSH6D2GGTU7AM73TAZHDUUQHA4DF3BMBXEVXOTCUPI3XC4N6UL4",18,1,1,72186293507,72186293507,144372587014,72186.293507,144372.587014
400444,"5HJFGYMLSXDCS6PLQI3KXNCFI5DNROG6OPFMMKC5NKUW5T7QFPSUWTYJIY","U3JFLNF55P4X2GTISLPD2DEBEXHJCG6EK7FX4EPCP4WBFRHEX3KUEMLYKE","62TIVJSZOS4DRSSYYDDZELQAGFYQC5JWKCHRBPPYKTZN2OOOXTGLB5ZJ4E",1730073600,"5SN6CUEJLI33LY6IMVXNYAM4DYRO467SMMEWW75W4L2YCJ6YMKOAUQ53K4",18,1,1,1000000,1000000,2000000,1,2
400437,"55RFGM2M7KG65CO5FLJX6BGRPOINBS2KGTNNXXTPY7D6JACXUNRPET3DEI","U3JFLNF55P4X2GTISLPD2DEBEXHJCG6EK7FX4EPCP4WBFRHEX3KUEMLYKE","62TIVJSZOS4DRSSYYDDZELQAGFYQC5JWKCHRBPPYKTZN2OOOXTGLB5ZJ4E",1730073600,"NFZYPGTKBAA2WNR2N4G7HUUA5R3BEXBRLUAPH35FS2ZBMAMEXNKXGFSQNQ",18,1,1,104177388274,104177388274,208354776548,104177.388274,208354.776548
400429,"VRTSZVOPD2RKZ4CTSCYANMGTOJCV222GZVQQJLN2ISCANAZ6G6BEC77WYE","U3JFLNF55P4X2GTISLPD2DEBEXHJCG6EK7FX4EPCP4WBFRHEX3KUEMLYKE","62TIVJSZOS4DRSSYYDDZELQAGFYQC5JWKCHRBPPYKTZN2OOOXTGLB5ZJ4E",1730073600,"3S5QBFCYMWWVIKKRJZYTVS3UOQ2UWHRBH4TXG3VZA7VQMKN66D2DYJY3MQ",18,1,1,1000000000,1000000000,2000000000,1000,2000
400422,"7VXBA2OI2QTKOQEZDSSP7YVF4ZMZDXEVN67RU6XR7ZYGS3ZXWWTX4IUZJY","U3JFLNF55P4X2GTISLPD2DEBEXHJCG6EK7FX4EPCP4WBFRHEX3KUEMLYKE","62TIVJSZOS4DRSSYYDDZELQAGFYQC5JWKCHRBPPYKTZN2OOOXTGLB5ZJ4E",1730073600,"KSMGUNSX2IWGPZUHU5GPLLD7762T3KUKTPQZXCKNTVMSNZNKQ6RA37AYPI",18,1,1,80544000000,80544000000,161088000000,80544,161088
400415,"UY4K5DLU6TBZVEMAZGXYXAI63M5ZQDXZHSBHS672A23DHOTM7A6XB5BIFE","U3JFLNF55P4X2GTISLPD2DEBEXHJCG6EK7FX4EPCP4WBFRHEX3KUEMLYKE","62TIVJSZOS4DRSSYYDDZELQAGFYQC5JWKCHRBPPYKTZN2OOOXTGLB5ZJ4E",1730073600,"HYN36CJPDPQEG7RNV5VDX7HBGLXOASYZF7BY7OZWJC5OMLDLWHFNMULIRM",18,1,1,20676698500,20676698500,41353397000,20676.6985,41353.397
400404,"O4SPOOOMDMHEALBO4H5R3NRFDQVVJ4Y7WI67QAY6S6UDF3AIVDI3T2KW2E","U3JFLNF55P4X2GTISLPD2DEBEXHJCG6EK7FX4EPCP4WBFRHEX3KUEMLYKE","62TIVJSZOS4DRSSYYDDZELQAGFYQC5JWKCHRBPPYKTZN2OOOXTGLB5ZJ4E",1730073600,"OLT2JLID7FW2DJRMTDV6AZNELDFSQQMFV6DNQURTYWWG4TPJRRQYPZWWHU",4,1,0.022222222222222223,7556,340000,347556,0.34,0.347556
400397,"C4L4DOUKHVR7I727HNBWETTV6QKI6YGKKQP656KRKEX7TSOYUQQYXFWOFY","U3JFLNF55P4X2GTISLPD2DEBEXHJCG6EK7FX4EPCP4WBFRHEX3KUEMLYKE","62TIVJSZOS4DRSSYYDDZELQAGFYQC5JWKCHRBPPYKTZN2OOOXTGLB5ZJ4E",1730073600,"EVWYE75KM6C7BP3KJLOKRR3PK4Y5CIPLLO3KTPDL2QLDLNVTEBUJXL6U6A",18,1,1,24000000000,24000000000,48000000000,24000,48000
400390,"GLATXZDISJC3I4THUEVP5ANTOG66IGPOIIGVTGZ6RGY4UMX4KMAKF4VKKM","U3JFLNF55P4X2GTISLPD2DEBEXHJCG6EK7FX4EPCP4WBFRHEX3KUEMLYKE","62TIVJSZOS4DRSSYYDDZELQAGFYQC5JWKCHRBPPYKTZN2OOOXTGLB5ZJ4E",1730073600,"E5GUVQTBWA22XJWCIIPMET4VZPNHOZUB2E3VTRYZOKOG3FIWBCUPL6IFYM",18,1,1,75705000000,75705000000,151410000000,75705,151410
400382,"ZWES7RROIBRLGZGAFXPUA2RJ2RKN2ZPJIIU25FOPEQBDJYNCADBGA7W6OQ","U3JFLNF55P4X2GTISLPD2DEBEXHJCG6EK7FX4EPCP4WBFRHEX3KUEMLYKE","62TIVJSZOS4DRSSYYDDZELQAGFYQC5JWKCHRBPPYKTZN2OOOXTGLB5ZJ4E",1730073600,"FZDOXISTULFJLRVGXULILL4A5X2OMV2YGZZMC6DEXLELFNEZIGC4WJ6XZY",18,1,1,42769573500,42769573500,85539147000,42769.5735,85539.147
400364,"DM73QQJN2FMZ6UXDMSHLDN5Z2ZJITZJZULNUY5NP3YRR5QHFU54NU5XKII","U3JFLNF55P4X2GTISLPD2DEBEXHJCG6EK7FX4EPCP4WBFRHEX3KUEMLYKE","62TIVJSZOS4DRSSYYDDZELQAGFYQC5JWKCHRBPPYKTZN2OOOXTGLB5ZJ4E",1730073600,"3S5QBFCYMWWVIKKRJZYTVS3UOQ2UWHRBH4TXG3VZA7VQMKN66D2DYJY3MQ",18,1,1,1000000,1000000,2000000,1,2